qid,intent,product,question,answer
1,greet,null,你好,
2,greet,null,您好,
3,greet,null,666,
4,greet,null,：）,
5,greet,null,哈哈,
6,greet,null,你今年多大？,
7,greet,null,你好有趣,
8,greet,null,88,
9,greet,null,888,
10,greet,null, 哈哈哈,
11,greet,null, ,
12,general,general,我怎么报修,您可以通过“商米服务”微信小程序进行报修
13,general,general,我报修了怎么没消息的,建议您通过“商米服务”微信小程序-工单查询，查询处理进度
14,general,general,旁边就是你们的维修站我能直接送过去吗,建议您通过“商米服务”微信小程序进行报修，系统会为您匹配最适合维修您设备的维修中心
15,general,general,我在深圳干嘛要我寄到上海修,我们根据您设备的型号、报修故障、安排最快最有效的维修中心维修。
16,general,general,我的机器寄过去了怎么还没修好都没有人联系我,建议您通过“商米服务”微信小程序-工单查询，查询处理进度
17,general,general,你们修好的机器发什么快递寄回,我们会使用顺丰或德邦物流配送。
18,general,general,寄过去的运费谁来承担,寄修维修中心的运费由报修方承担，维修寄回由维修中心承担
19,general,general,碎屏压纸轴损坏壳料损坏等,请您通过微信搜索“商米服务小程序”报修
20,general,general,屏幕触摸失灵触摸无反应,请您打开设备中的硬件管家，选择触摸屏--坏点测试/触摸测试，如果测试无问题，请您拍摄视频；如显示有故障，请您通过商米服务微信小程序报修。
21,general,general,提醒提示打印头过热,请先关机冷却。请您打开设备中的硬件管家――打印机――测试打印，如果可以正常打印，说明打印机无问题；如果不能正常打印，请再通过硬件管家――本机/系统信息――SN（检查有新版本），请您联系人工客服更新版本，或者通过商米服务微信小程序报修。
22,general,general,打印机打印小票部分模糊,"请您确认压纸轴是否损坏（磨损、不带齿轮的一侧裸露出金属），如果损坏建议到商米天猫旗舰店购买如果压纸轴正常。
如果没有损坏，打印纸也已经更换，建议您通过硬件管家――打印机――测试打印，拍照与人工客服进行联系。"
23,general,general,打印机卡纸切刀卡住纸仓打不开或卡住,请您将纸仓盖上方的切刀盖从下方扣开，白色齿轮向上互动，如果还是卡纸，请您通过微信搜索“商米服务小程序”报修
24,general,general,连接一体机打印机,您选择设置――蓝牙打开，软件里找到选择添加蓝牙打印机相关含义的选项，选择连接innerprinter的打印机。仅限应用市场里下载的软件连接自身的打印机
25,general,general,卡在开机画面,"如是手持设备，请长按开机键13秒进行强制重启，如果还是卡在开机画面，请您通过微信搜索“商米服务小程序”报修。
如是台式设备――请您断电，长按开机键2秒，再接通电源开机，如还是无效，请您通过微信搜索“商米服务小程序”报修。"
26,general,general,摄像头扫码扫不出或者扫的慢,请通过硬件管家――扫码――开启扫描（扫描付款码测试），摄像头主要是用来扫描二维码，识读一维码比较慢或者扫不出。如果检测扫描问题依旧，请联系人工客服。
27,general,general,设备提示未检测到相机,请您打开系统桌面――把相机打开，系统桌面――设置――重置，此时会清空所有数据，如果还不能排出故障，请联系人工客服。
28,general,general,虚拟按键失灵或无效,"霸屏模式下，虚拟按键“O”“口”无效，硬件管家――触摸屏――坏点测试/触摸测试--正常，请进入硬件管家――本机/系统信息――SN――更新最新系统版本，更新后，进入系统桌面――设置――重置可解决此问题。
霸屏模式下，虚拟按键“O”“口”无效，硬件管家――触摸屏――坏点测试/触摸测试――故障，请您通过微信搜索“商米服务小程序”报修。"
29,general,general,物理按键失灵或无效,"开机键故障，请您通过微信搜索“商米服务小程序”报修。
音量键无效，请在设置――音量键自定义，如果是开启状态，无法通过音量键调整音量，关闭即可。若关闭也无法调整音量，系统桌面――设置――重置尝试。如还是无法解决故障，请您通过微信搜索“商米服务小程序”报修。"
30,general,general,提示电池过热,请您关机冷却15-30分钟后重新开机，若还是有这个提示，请您通过微信搜索“商米服务小程序”报修。
31,general,general,电量显示异常,如您充电时可以能开机，断电不能开机，请您通过微信搜索“商米服务小程序”报修。
32,general,general,NFC设备无法读取,"如您使用的是金融设备，请通过硬件管家――检卡――测试公交卡，如能检测，可能是卡的问题。如果不能检测，不能读出，请您通过微信搜索“商米服务小程序”报修。
如您使用的是非金融设备，请您在系统桌面――应用市场――下载NFC Scanner测试公交卡，如能读出，可能是卡的问题。如果不能检测，不能读出，请您通过微信搜索“商米服务小程序”报修。"
33,general,general,wifi无法连接,"请您在系统桌面――设置――更多――网络重置――使用手机开启热点，连接手机热点可以正常上网，但是重新连接wifi，建议排查门店网络。
如连接热点仍然无法连接，请您通过微信搜索“商米服务小程序”报修。"
34,general,general,设备称重不准称重数据波动,"1.检查桌面是否平稳
2.检查秤盘底部是否有异物，以及秤盘背面焊接的两个金属条是否有松动
3.硬件管家――电子秤――秤盘无异物，清零，然后测试称重
以上测量还是有波动，请录制视频并提交人工客服确认。"
35,general,general,小闪扫码无数据输入,"1.小闪连接windows收银机或者电脑（提示未识别设备或者安装驱动失败等，跳步骤4），在系统桌面新建TXT文本文档
2.打开文本文档，用小闪扫描手机付款码
3.有数据输入，收银软件的问题，需要客户联系收银系统的开发者
4.无数据输入，关注商米公众号，扫码识别设备
5.扫识别码无效，换个电脑重复上面测试，如果还不行，请您通过微信搜索“商米服务小程序”报修。"
36,general,general,钱箱无法弹出,"1.建议将钱箱接到别的设备上测试钱箱是否正常，或者换一个正常的钱箱测试下
2.如无法通过1，请在硬件管家――钱箱，里面测试下钱箱能否正常打开
3.如果还是有问题，建议联系人工客服处理。"
37,general,general,桌面无APP图标,请在设置――应用――找到对应的APP――高级――允许修改系统权限即可
38,general,general,设备没有声音,"1.请问是单个单个软件没有声音，还是所有的软件都没有声音
“xx”软件没有声音;请卸载软件重新安装尝试。
所有软件都没有声音：请您关机重新开车尝试，如还不能解决，请使用硬件管家检测“喇叭”是否正常，如果正常请您联系人工客服处理。如检测“喇叭”有故障，请您通过微信搜索“商米服务小程序”报修。"
39,general,general,维修配件的价格,我们没有维修配件的价格，如您由于损坏需要维修，参考价格再进行维修，建议您可以联系人工客服。
40,general,general,设备可以root吗,很抱歉，我们的所有设备均不支持root。
41,general,general,我店家旁边就是你们的维修站我可以直接送过去吗,报修统一在“商米服务小程序”报修。我们会根据您的设备型号、故障类型、设备所在地址，系统会综合您的情况只能分配维修中心做维修。在您小程序报修后，我们会通过短信的方式告知您寄送地址。
42,general,general,商米线下体验店地址,"广州天河宏太智慧谷7号楼自编102-商米之家
成都市人民南路四段1号时代数码大厦17-B06-商米之家
如需来上海总部体验，请联系人工客服预约"
43,introduction,T1 mini,商米T1mini外观介绍,"电源键
关机状态下，短按开机启动。
使用状态下，长按2-3秒，可选择关机或重启。
死机状态下，长按11秒，断电关机。
USB接口：用于外接键盘、鼠标、U盘。
打印出纸口：用于开机状态下打印单据。
打印机开盖把手：用于打开打印机纸仓盖，进行换纸动作。
主显示屏：用于操作员使用的触摸屏。
副显示屏：用于顾客端播放广告的屏幕。
藏线盒：打开以后可以接各种外设。
刷卡槽接口：用于外接MSR/RDIF刷卡器。
TF卡槽：用于外扩TF储存卡。
MicroUSB调试口、调试功能键：用于调试设备时使用"
44,introduction,T1 mini,商米T1mini安装说明,"开始使用收银机前，首先得找到收银机底座背面，打开藏线盖可见外设接口，用于连接所需的外部设备。
接口用途：
电源接口：用于连接收银机的电源适配器，另一端插头插入市电插座。。
钱箱接口：用于连接钱箱，本设备只支持24V/1A钱箱。
网线接口：用于连接有线网，可在无WiFi网络的环境使用。
USB接口：用于连接小闪、扫码枪、小票打印机/标签打印机。
串口：用于连接电子秤，需要购买RJ11-RS232转接线使用。
音频输出口：用于连接音箱。
电源连接：将适配器电源接口连接至主机底部电源口。将适配器另一头插头插入市电插座。
安装打印纸：向外拉打印机把手，纸仓盖自动弹出。放入80mm热敏纸并拉出一段于打印纸口外，关闭纸仓时请双手轻轻按压仓门的顶端完全闭合盖子。"
45,introduction,T1 mini,商米T1mini开机设置说明,"初次开启商米设备，完成初次设置只需简单几步：
・连接电源适配器，短按电源键开机启动，进入首次开机界面，点击【开始设置】按提示操作即可。本机可选择2种上网模式。
连接WLAN
・点击要连接的WLAN，若选择一个加密的网络，则需要输入访问密码方可连接。
通过LAN连网
・插入网线连接网络，T1 网线接口位于底座背面塑料壳内，从底下缺口轻轻打开。"
46,function,T1 mini,商米T1mini如何下载／使用应用,相关应用可在联网模式下，打开应用市场，浏览并下载应用即可完成安装。
47,function,T1 mini,商米T1mini如何截屏,"将主屏幕背面下方的塑料盖掀开，找到三颗调试按键。同时按下电源键和音量减按键 2秒，截取的图片可以在“图库”->“屏幕截图”中查看。
截图照片的存储路径：\内部存储\Pictures\Screenshot"
48,function,T1 mini,商米T1mini连接网线后如何设置固定IP联网,T1连接网线后，点击 设置->有线网->静态->输入静态IP设置。注意：静态的IP地址、网络前缀长度、DNS和网关的数据需要咨询网络管理员获取。
49,function,T1 mini,商米T1mini系统更新会自动下载吗会不会影响到日常工作,为了不影响商户日常工作，系统更新不会自动下载更新和安装。您可以在设备首页的“系统更新”中升级更新设备系统。
50,function,T1 mini,商米T1mini如何将机器升级到最新的系统版本,"1、在机器联网状态，点击 桌面的【系统更新】。
2、当检测到系统更新时将自动下载，点击安装，设备将会重启并执行系统升级。
3、系统升级完成后，再次打开【系统更新】查看当前系统是否已是最新版本。
4、若是双屏机器，在主屏安装系统更新重启后，点击【系统更新】升级副屏的系统版本。
检查到【主屏】系统更新
检查到【副屏】系统更新"
51,function,T1 mini,商米T1mini如何查看当前的系统版本,"主屏系统版本：点击 设置->关于->版本号；
副屏系统版本：在桌面点击 【副屏设置】->版本号；"
52,function,T1 mini,商米T1mini如何恢复出厂设置主屏,"点击 设置- >备份和重置->恢复出厂设置。
注意：恢复出厂设置将会清除机器所有数据，请谨慎操作。"
53,function,T1 mini,商米T1mini如何恢复出厂设置14寸副屏,"1、 从应用市场搜索""DSC""下载Sunmi_DSC_DemoFor14；
2、 打开刚下载的DSC，点击“其他功能”->“检查连接”->“打开指定应用”发送设置到副屏显示，然后在14寸副屏上选择 ""备份和重置"">“恢复出厂设置”。"
54,function,T1 mini,商米T1mini可以提供系统刷机包吗,为了系统安全考虑，商米不提供系统刷机包。但是我们会持续给现有机具通过OTA方式推送系统更新。
55,function,T1 mini,商米T1mini设备既然是安卓操作系统那么是否可以获取ROOT权限,为了设备的安全性和系统稳定性考虑，商米限制不能获取到设备的root权限。
56,function,T1 mini,商米T1mini如何设置锁屏密码,点击设置->安全->屏幕锁定方式，可选择【图案】、【PIN码】和【密码】锁定。
57,function,T1 mini,商米T1mini设备设置了PIN码锁屏但是忘记锁屏密码怎么处理,请与设备购买商联系，申请通过远程方式清除锁屏密码；如果设备系统版本未支持或者无法联系到设备购买商，请联系售后刷机处理。
58,function,T1 mini,商米T1mini系统安全模式是什么,安全模式是安卓系统的一个特殊模式，它的原理与Windows 的安全模式相似。如果安卓系统出现类似软件，例如应用程序引发的死机、重启或电池很快耗尽，此时可进入安全模式来检查问题是否为应用程序所造成。在安全模式中，系统不会加载非预装应用程序，仅会就自身的系统来进行正常启动。这样用户便能进行系统检测、修复错误，或卸载有问题的应用程序。
59,function,T1 mini,商米T1mini如何进入安全模式,"在开机显示开机动画时，按住""音量减""键直到进入系统桌面，此时桌面左下方显示「安全模式」即表示成功。"
60,function,T1 mini,商米T1mini如何退出安全模式,重新启动即可退出。
61,function,T1 mini,商米T1mini产品的存储空间为什么跟规格标示的不一样,"安卓设备通常标称的存储容量指的是整个闪存芯片的空间大小（包括所有分区），而在安卓设备上，不但有看得见的分区，还有一些看不到的隐藏系统分区。例如，为了便于用户拿到设备可以直接使用，安卓设备会预装安卓操作系统和部分APP，这些隐藏的系统分区在设备中是不可见的，且通过第三方工具检测也是无法检测到的。而在在系统设置中可以感知的存储容量，仅仅指的是用户能够使用的部分（用户Data分区）。
商米T1内置16GB的闪存芯片，在系统设置中可以感知的存储容量，用户可以使用的总容量约为9.72GB。"
62,function,T1 mini,商米T1mini如何扩展收银机的存储空间,如果收银机有存放大量的图片文件、音乐文件和文档的需求，您可以通过加装microSD卡来扩展存储空间，收银机支持扩展最大64GB的microSD卡，请用前请通过电脑将microSD卡格式化为FAT32的文件系统。
63,function,T1 mini,商米T1mini可用存储空间少如何清理缓存和删除不需要的文件,"收银机使用一段时间后，随着不断安装新应用、下载文件以及产生的缓存文件累积，导致可用的存储空间不断减少。在可用存储低于100MB时，可能会出现“储存空间不足”的弹窗提示，甚至应用程序无法正常启动，系统运行卡顿等状况。这时候可参考以下方式来清理：
1.在桌面点击【设置】->【存储设备和USB】查看哪些项目占用了较多的存储空间，可直接点击进行清理。例如，缓存数据较多可点击“缓存数据”清除。
2.如果是“其他”项目占用较多存储空间（一般是应用下载的文件、联网下载的文件），点击该项目后只能浏览不能直观查看哪些文件占用较多空间需要删除，您可以通过下载一些第三方APP，例如“ES文件管理器”来清理。（ES文件管理器选择“清理”，根据搜索分析结果选择清理。）
3.如果未能确认是哪些文件可以被清理，可以备份重要数据，将收银机恢复出厂设置可以将设备恢复初始状态。"
64,function,T1 mini,商米T1mini如何调整显示字体的大小,在桌面点击【设置】->【无障碍】切换字体，仅支持系统界面的字体显示。
65,function,T1 mini,商米T1mini为什么文字变成加粗黑体显示,请检查是否开启了“高对比度文字”显示，在桌面点击【设置】>【无障碍】中可以选择启用或关闭。
66,function,T1 mini,商米T1mini如何使用副屏播放视频或者演示图片广告,请与搭配机器使用的收银软件商确认是否已适配客显屏播放视频或图片显示，副屏显示设置都需要在收银软件中进行设置。
67,function,T1 mini,商米T1mini调节音量大小,"方法一：在收银机桌面点击“设置”->“声音”，此处可调整音量大小；媒体音量影响软件的语音播报，通知音量将影响新消息推送提醒。
方法二：将主屏幕背面下方的塑料盖掀开，找到三颗圆形按键，上方两个按键是音量调节键。"
68,function,T1 mini,商米T1mini在应用市场中找不到要下载的APP如何安装第三方APP,"首先，查看是哪个渠道商出货的收银机，步骤：点击 应用市场，选择“我的”，在页面下方的“服务商”所属名称。
如果标记名称是“SUNMI”代表是属于商米直接销售或代理商出货的机具，使用者可以从商米应用市场下载商米应用池内所有可见的应用。至于应用市场没有的应用，也支持通过浏览器在网页搜索下载安装APK；
如果“服务商”显示渠道商名称，则代表您的机具属于渠道定制机；渠道商为了保证其生态权利（提供独有的解决方案、专利或福利），我们将应用市场的控制权交给他们，他们可以调整该渠道出货机具的应用市场有哪些应用程序。销售人员一般都会讲清其销售设备的业务能力范围，而使用者购买前也建议向销售防确认是否能够满足自己的业务管理需求哦。
如果渠道应用市场缺少您需要使用的应用，您可以向设备购买的渠道商反馈，争取应用程序的上架。"
69,function,T1 mini,商米T1mini安装从网页下载或者蓝牙接收到本地的应用APK显示应用未安装或禁止未经授权的APP安装如何处理,"如果您使用的是渠道机，而渠道商通过商米合作伙伴平台设置不允许安装第三方应用，则用户只能从应用市场下载安装应用，无法通过其他方式安装渠道应用市场未收录的应用。
如何查看机具是哪个渠道商出货的机具？步骤：点击 应用市场，选择“我的”，在页面下方的“服务商”所属名称。"
70,function,T1 mini,商米T1mini如何停用不必要的应用,"支持停用部分应用，设置->应用->选择应用->停用；
对于自行安装的APP，您可以尝试使用以下步骤卸载：在设备桌面长按APP图标拖拽到屏幕上方，出现删除图标放开卸载APP。"
71,function,T1 mini,商米T1mini为什么有部分应用无法卸载,如果您使用的是渠道定制机，而渠道合作伙伴在其专属应用市场将某些App设置为“默认启动”或“自动安装”，则用户无法在旗下机具上删除这部分应用。
72,accessories,T1 mini,商米T1mini支持哪些外接哪些硬件,"T1扩展接口位于机身背面藏线盖内，从底下凹槽轻轻打开。接口分别有： 1x电源口,1xRJ12钱箱口,1xRJ45 LAN口,4xUSB TypeA口, 1xRJ11串口,1x耳机口。
钱箱口(RJ12)只支持外接24V/1A钱箱，如果使用12V钱箱可能存在烧毁钱箱电路隐患；
LAN口(RJ45)是网线接口支持100M网络；
USB 2.0接口支持 HID 协议设备,例如扫码枪、读卡器、U盘、鼠标、键盘、USB摄像头 (符合UVC规格）等可即插即用，免驱动的USB设备。
串口（RJ11）RJ11串口可连接电子秤、串口打印机等设备；也支持标准RS232串口设备（需要购买转换线）；
音频孔是3.5mm 4段式CTIA标准接口，支持外接音箱、耳机。"
73,accessories,T1 mini,商米T1mini是否支持外接RS232接口的设备如打印机电子秤,支持标准RS232串口设备，可连接电子秤、串口打印机等设备; 可以直接购买商米RJ11转RS232数据线，或者自行购买转接线时提供RJ11接口的线序给厂家定制。
74,accessories,T1 mini,商米T1mini如何外接钱箱,"T1只支持外接24V/1A钱箱，如果使用12V钱箱可能存在烧毁钱箱电路隐患；可连接RJ12钱箱专用口外接钱箱使用。
物理通讯测试可用：爱宝钱箱 12/24V钱箱可用 ，其他24V/1A RJ11接口的钱箱也可。"
75,accessories,T1 mini,商米T1mini如何外接扫码枪,"可以使用USB接口外接有线或无线扫码枪。USB有线免驱动的扫码枪没有品牌及型号限制，即插即用；
物理通讯测试可用：新大陆 NLS-OY10(一维码）、NLS-HR22（二维码）、NLS-HR11(一维码）、NLS-HR22（二维码）；民德 MD6100(激光二维码） MD2250(激光一维码）"
76,accessories,T1 mini,商米T1mini如何外接电子秤,"系统版本支持：在收银机桌面找到“系统更新”，联网将系统升级到最新版本； 
硬件连接要求：T1有专门的RJ11接口通讯口可连接电子秤；支持外接有线连接和蓝牙连接的电子秤。部分有线连接的电子秤是国标的RS232串口，可购买商米RJ11转RS232数据线连接实现物理通讯接通。
电子秤购买：因为不同收银软件商可能会适配特定型号的电子秤，具体请咨询收银软件商应该购买哪个型号的电子秤。 (常见可用的有线电子秤：大华ACS-15AB)"
77,accessories,T1 mini,商米T1miniT1如何加装商米刷卡器MSRRFID读卡器是否支持刷金融银行卡,"安装操作：请先将主屏背面的卡槽盖打开，插上卡槽的连接线，注意红线朝下，上面有两个突出点，刚好对应机器接口上的两个空点，并锁紧配套的螺丝即可。
读卡器只支持普通的磁卡和RFID卡（IC卡），不支持金融银行卡。MSR读卡器支持1-2-3轨磁条卡，符合ISO7810/7811/7813规范。RFID读卡器支持ISO/ICE 14443 TypeA&B卡和M1卡。"
78,accessories,T1 mini,商米T1miniT1如何外接会员卡读写器,"商米目前已经支持四款第三方usb通用读写器，软件开发者可参考商米提供的demo做读卡写卡操作。购买读卡器务必说明需要适配商米的型号。点击查看开发文档
*上海亿矽智能科技有限公司UM002读卡器
*深圳市德卡科技有限公司T10读写器（需支持android版本，电源充电版）
*香港龙杰智能卡有限公司ACR1281U-C1读写器
*香港龙杰智能卡有限公司ACR1281U-K1读写器"
79,accessories,T1 mini,商米T1miniT1是否支持通过HDMI连接电视显示屏,T1不支持HDMI扩展接口。
80,accessories,T1 mini,商米T1mini是否支持外接摄像头使用,"T1的USB 2.0接口支持外接USB摄像头 (符合UVC规格），首先从网上下载安卓的摄像头软件，例如: webcame, Netcamera等，再外接USB摄像头。
注意：需要特定的商米系统版本才能支持！"
81,accessories,T1 mini,商米T1miniT1能否连接USB密码键盘,T1可以连接免驱的USB有线密码键盘。
82,accessories,T1 mini,商米T1miniT1能否连接U盘传输文件,T1支持连接U盘，支持的U盘格式: FAT32:可读可写，如果是其他格式会有限制：NTFS:可读不可写 ;exFAT:不支持；
83,accessories,T1 mini,商米T1miniT1是否支持外接USB接口的3G4G无线上网卡,"可以选择购买免驱动只需USB供电的随身WiFi，例如华为随行WiFi2，这类有电就有4G WiFi热点的设备；
注意外接USB网卡需要安装驱动的型号就不能直接用，因为驱动一般只提供Windows和Mac系统，不支持安卓系统。"
84,accessories,T1 mini,商米T1miniT1是否支持4G全网通SIM卡模块,T1标配机型不支持，需要批量下单定制支持3G模块的机型。建议考虑外接4G无线网卡。
85,accessories,T1 mini,商米T1miniT1是否有内置MIC,T1没有内置MIC麦克风，需要连接蓝牙麦克风或外接麦克风插入音频口使用。
86,function,T1 mini,商米T1miniT1使用USB线连接电脑传输文件如何操作,机器通过USB数据线与电脑连接后，在T1主屏幕顶部往下滑，在菜单中选择“USB选项”，点击“文件传输”即可。
87,function,T1 mini,商米T1mini收银机使用USB数据线连接电脑传输文件无法选择USB连接类型如何处理,"如果机器通过USB数据线与电脑连接后，通知栏没有出现“USB选项”，可点击“设置”->“开发者选项”，点击“选择USB配置”选择“MTP(媒体传输协议)”。
(找不到“开发者选项”？点击“设置”->“关于”，连续点击“版本号”7次即可显示)"
88,function,T1 mini,商米T1miniT1使用哪种规格的热敏纸,T1使用80mm*80mm的热敏纸，纸卷直径最大支持80mm。
89,function,T1 mini,商米T1miniT1可否使用58规格的热敏纸,"商米T1内置打印机仓可容纳80mm*80mm规格的打印纸，如果您需要使用58mm规格的打印纸，您可以购买专用58打印挡板，用以固定58mm打印纸卷；
在“挡板安装位置”示意图的右侧放入58规格打印纸；安装时注意先将挡板对准下边的卡扣，然后上边对齐卡扣，再往里推入卡紧。
然后在更改机器的打印设置，步骤：设置->打印->内置打印管理->打印纸规格，切换成 58mm模式，重新启动该设备后生效；以后就能使用58mm打印纸打印。"
90,function,T1 mini,商米T1miniT1如何拆下58规格打印挡板切换使用80规格打印纸,"如果内置打印机仓在初次安装时放入了容纳58打印挡板，用以固定58mm打印纸卷；如果您需要切换使用80mm规格的打印纸，您可以将58打印挡板的下端拉出，拆卸并存放好；
然后在更改机器的打印设置，步骤：设置->打印->内置打印管理->打印纸规格，切换成 80mm模式，重新启动该设备后生效；以后就能使用80mm打印纸打印。"
91,function,T1 mini,商米T1mini其他设备是否可以把T1当蓝牙打印机来使用,不可以。T1内置打印机是通过商米的底层封装虚拟的连接完成的，只支持设备自己使用。
92,function,T1 mini,商米T1mini如何在APP中通过蓝牙连接自带的打印机APP通过蓝牙调用内置打印机,"1.在桌面上找到""设置""->""蓝牙""->开启蓝牙开关。
2.回到桌面，打开需要打印票据的APP，找到打印设置，点击连接或添加打印机，选择“InnerPrinter” 连接成功后，再打印即可。"
93,function,T1 mini,商米T1mini内置打印机是否支持打印热敏标签不干胶标签,收银机内置的是热敏票据打印机，不支持打印不干胶标签，建议购买专用的标签打印机外接使用。
94,function,T1 mini,商米T1miniT1是否支持黑标打印,"商米 T1 可使用符合规范的黑标打印纸进行打印，要求黑标需要在纸张水平中间位置才能被检纸传感器器检测到。
用户可以在 设置->打印->内置打印管理中对黑标模式和切刀位置进行修改。（T1系统版本需要升级到1.12.6或以上版本。）"
95,function,T1 mini,商米T1mini硬件管家可以检查哪些硬件功能是否正常,"硬件管家支持检测以下项目：
1、硬件管家->本机信息：可查看设备的详细信息及参数；
2、硬件管家->网络状况：可查看/测试本机网络情况、测试信号强度和网络稳定性；
3、硬件管家->打印机：可测试设备的打印及打印头老化测试；
4、硬件管家->显示屏：可设置屏幕亮度并测试显示屏颜色是否正确；
5、硬件管家->触屏：可测试设备触屏灵敏度是否无误。
6、硬件管家->喇叭：可诊断设备的喇叭状态；
7、硬件管家->切刀：可测试打印切刀是否正常；
8、硬件管家->钱箱：可测试钱箱是否正常打开；"
96,malfunction,T1 mini,商米T1mini开不了机,"1.检查收银机背面后盖的电源插口是否连接正常；检查电源适配器与电源线的连接处是否插紧；
2.拔出所有外接设备的数据连接线，重新插拔下收银机后盖电源插头。
3.有条件可以更换电源适配器交叉测试判断是适配器问题还是机器问题。"
97,malfunction,T1 mini,商米T1mini死机怎么办,找到机器背面的电源适配器接口，拔下电源线后重新插上，等待5s后，再短按电源键2秒开启。
98,malfunction,T1 mini,商米T1mini初次开机无法激活,"1. 手机分享热点给T1连接，测试是否网络异常导致无法联网激活；
2. 重新启动，再试。
3. 使用其他商米设备测试打开应用市场是否可以下载应用，如果是伺服器异常，请稍后再试。（或者在设备的“您好”页面右上角空白处连续点击5下跳过激活步骤）"
99,malfunction,T1 mini,商米T1mini系统更新下载升级包失败,点击 设置->应用->点击右上角显示系统进程->找到系统更新->储存空间->清除数据，重启机器，再次下载更新试试。
100,malfunction,T1 mini,商米T1mini连接WiFi提示网络连接失败WiFi连接后不能上网,"1.收银设备能搜索到WiFi网络，一般代表无线网卡硬件正常，大概率属于网络配置问题，尝试重新启动机具，试试是否恢复正常；
2. 如果仍然无法联网，可在收银机桌面点击 设置->硬件管家->测试网络是否通畅，点击“开始测试”查看网络测试结果是否良好，判断是否网络不稳定或网络不通导致的问题；
同时使用其他设备连接同一WiFi网络，如果其他设备能够联网，继续下一步排查；
如果其他设备也不能联网，请检查无线路由器的设置以及联系宽带的服务商排查网络问题；
3. 可能是网络缓存数据有问题，在收银机桌面点击 设置->更多，选择“重置网络设置”；完成后再打开 设置->硬件管家->测试网络是否恢复正常；
4. 可能属于无线路由器或宽带网络问题，尝试切换其他无线网络或手机开热点让收银机连接，测试是否WiFi的网络问题。如果能够连接其他WiFi热点代表设备硬件没问题，请继续下一步排查；
5.可能是周围的WiFi信号互有干扰，建议重启路由器，如果问题仍然存在，可能需要修改路由器的无线配置（例如WiFi信道选择1-11，WiFi加密方式改WPA2,WPA等试试)。"
101,malfunction,T1 mini,商米T1mini插入网线连接后无法连接网络,"请尝试以下方法：
1. 检查网线连接后，网线状态灯是否正常闪烁；如果状态灯不亮，需要检查是否网络异常，有条件可以更换网线测试；确认网线连接其他设备可以正常使用。
2. 检查屏幕右上角是否显示有线网已成功连接的logo。如果网线状态灯亮，但是不显示网络已连接的Logo，可检查是否局域网内的DHCP服务是否启用；
如果使用固定IP联网方式，需要在设置->有线网->静态->设置静态IP的方式连接网络。注意：静态IP地址、网络前缀长度、DNS和网关的数据要咨询网络管理员获取。
3. 如果屏幕右上角显示有线网已成功连接的logo，但是某个APP不能联网，那么属于该APP的问题；如果网络检查无问题，所有应用均无法联网，尝试以下步骤：设置->备份和重置，选择“重置网络设置”，关机后重新开机，开机后不要打开任何APP，只是打开硬件管家，测试网络是否通畅。
4. 如果是连网不稳定，可以点击设置->硬件管家->测试网络的信号强度及网络稳定性、如果网络存在连接不稳定或信号弱，则需要检查路由器或者联系当地运营商核实网络状况。
"
102,malfunction,T1 mini,商米T1mini为什么T1网络测速比电脑网络测试要慢,T1内置100兆网卡，而目前电脑大多内置1000兆网卡，所以网络测试对比可能会有差异。
103,malfunction,T1 mini,商米T1miniT1外接扫码枪不能使用不能扫码,"收银机支持免驱动、USB HID 协议有线连接的扫码设备（相当于标准的键盘输入设备），支持即插即用。
无线扫码枪一般支持Windows设备为主，安卓系统大多不兼容。
外接USB接口的有线扫码枪有问题，按照以下步骤排查：
1、检查扫码枪是否已通电；连接时有蜂鸣声提示，按压扫码有红光。
如果扫描枪未通电，按照以下步骤排查：
1)检查收银机物理接口连接了哪些设备，拔出所有外接的外设；
2)更换其他USB接口连接重新连接，再试；
3)将扫码枪换到其他设备上测试是否可用，如果在其他设备上扫码枪可用，则将收银机关机重新启动再连接扫码枪试试是否可用。
2、测试扫描枪是否能捕获条码的数据；在桌面打开计算器app，使用扫码枪分别扫描商品条码和手机付款码，查看是否能获取条码数据。
如果扫商品的条码可以获取条码数据，代表硬件连接正常可使用，请检查收银软件的设置是否问题。
如果扫商品的条码不能获取条码数据，按照以下步骤排查：
1) USB接口多连接几个设备，例如USB扫码枪、鼠标、键盘；然后在收银机桌面打开【设置】->【关于设备】->连续点击6下固件版本号->输入密码“1234” ->选择CIT Preload->USB，查看“检测到的外置USB设备有”多少个；如果能检测到USB设备，代表USB接口工作正常。如果检测USB设备为0个，可能USB接口有故障。
2) 如果USB接口工作正常，只是扫码枪不能扫描，请注意商品条形码是否有欠缺和破损；扫码枪是否兼容商品的条形码类型；还有扫码枪是否支持扫描屏幕（部分扫码枪只能扫描纸质上的条码）；"
104,malfunction,T1 mini,商米T1mini用扫码枪或扫码盒扫描条码二维码识别数值不完整缺少部分数值,可能是扫码枪扫码识别的数值经过输入法输出，被输入法截取了部分数值，您可以在收银机桌面点击 设置->扫码与键盘，找到“已接入的键盘或其他设备”选择输出方式为“扫码设备”->点击“保存”，设置完成后扫码枪扫码，识别内容不会经过输入法直接输出到UI界面。
105,malfunction,T1 mini,商米T1mini收银机连接USB扫码枪不显示屏幕键盘,"台式收银机内置谷歌输入法在连接外部USB键盘输入设备时，默认不显示屏幕软键盘。如果您需要显示屏幕软键盘，可按以下步骤操作开启屏幕软键盘显示：
1)在可输入内容的画面点解右下角键盘图标：
2) 在菜单中找到“【A】配置实体键盘”->开启“显示虚拟键盘”，返回即可显示屏幕键盘。"
106,malfunction,T1 mini,商米T1mini无法识别SD卡不能读SD卡,"1.检查在其他设备是否能识别SD卡，确认SD卡是否有问题。
2.如果是新的SD卡或者确认SD卡无需要保留的内容，请将SD卡通过读卡器连接个人电脑，将SD卡格式化，文件系统格式选择“FAT32（默认）”，完成格式化后再将SD卡插到机具上使用。
3.如果在业务App中看不到SD卡的文件，请检查在浏览文件的菜单中是否有勾选“显示SD卡”选项。"
107,malfunction,T1 mini,商米T1miniAPP使用时没有声音提示,"1. 测试其他APP是否有声音提示，如果只是某个APP没有提示音，其他APP可正常使用，请尝试卸载该APP重新安装。
2.找到主屏幕背面左下角的塑料盖板打开，连续按下多次音量加按键调高音量。
3. 如果音量仍然没有提高尝试重启机具观察是否恢复正常。
4. 不要屏蔽App通知：点击设置->提示音和通知->通知->应用通知->相应APP->屏蔽，看看是不是开启了屏蔽功能，如果开启，关闭即可。"
108,malfunction,T1 mini,商米T1mini外接音箱调高音量重启设备后为什么音量会变小,安卓系统的设备，在外接耳机或音箱的情况下，调至最大音量会提示是否将音量调到安全级别以上的提示，如果音量调到安全线以上，重启设备以后，音量会自动返回到安全线以下（也就是前面说的恢复默认音量）。
109,malfunction,T1 mini,商米T1mini外接音箱输出的音量比原来的声音小,T1的音频口是CTIA标准4段式的，如果外接插上3段式的音响接口输出音量会变小的，需要买根转换线转成3段的才可以。
110,malfunction,T1 mini,商米T1mini双屏14寸从应用市场下载双屏应用一直显示安装中怎么处理,"升级T1新的系统版本可解决此问题。参考2.4 如何将机器升级到最新的系统版本？
临时解决方法：在设置->应用->应用市场->储存空间->清除缓存。"
111,malfunction,T1 mini,商米T1mini屏幕触控异常,"尝试以下方法：
1.使用硬件管家->触屏检测，多指触摸屏幕测试屏幕触控是否正常；如果有异常，转下一步继续；
2.重新启动，再使用硬件管家做触屏测试；排除应用影响，如果仍有问题，转下一步继续；
3.检查系统是否已更新到1.15.13或以上版本。
4.确认是否使用原装电源适配器；（T1采用24V/2.5A电源适配器，有条件可更换一个测试是否电源适配器故障导致）
5.请将收银机移至另一个店铺、办公室测试开机触屏是否可以正常使用，如果在其他地方电容屏可以正常触控，请按照以下方式排查电路问题。
a.检查插座是否有接线；(电工检查电路是否有接地线，用测电笔接触设备的金属（microusb旁边的金属）测试是否会亮 亮就代表没接地。)
b.电容触摸屏可能受到附近的大功率设备（变频器、电机、灯箱、镇流器）的电磁干扰，请将机器关机移至新区域再开机测试问题是否仍然存在；如果确认存在电磁干扰，可以逐个电器开关排查哪个是干扰源。"
112,malfunction,T1 mini,商米T1mini双屏副屏黑屏不显示主屏正常显示,将机器底座上的圆形电源插口拔出，断电5分钟后再开机，多测几次查看看副屏是否恢复显示。
113,malfunction,T1 mini,商米T1mini双屏桌面不显示副屏设置图标,"1. 检查主屏和副屏是否已升级到最新的系统版本，系统版本过低，可能部分功能不支持。
主屏系统版本检查步骤：桌面->硬件管家->本机->ROM版本；
副屏系统版本检查步骤：桌面->副屏设置->版本号；
最新版本：主屏v1.15.14，14寸副屏v1.9.11，7寸副屏v1.11.3；
2. 点击 设置->关于设备->硬件信息，查看副屏状态是【√】还是【X】，如果是【X】，点击右上角的刷下按键，重新开关机，查看副屏设置是否恢复显示；"
114,malfunction,T1 mini,商米T1mini双屏识别不到副屏无法获取副屏信息,"1.在主屏的桌面打开“副屏设置”，查看是否可显示副屏的信息。
2.检查主屏或副屏是否连接MicroUSB调试接口，拔出调试数据线再试。
3.断电重启。将机器底座上的圆形电源插口拔出，断电5分钟后再开机，多测几次测试。
4.检查副屏硬件连接状态是否正常：点击 设置->关于设备->硬件信息，查看副屏状态是【√】还是【X】，如果是【X】，点击右上角的刷下按键，重启检测，再次打开硬件信息，查看是否能检测到副屏。如果问题仍然存在，联系售后维修处理。
5.如果偶尔出现双屏通讯异常，请检查主屏和副屏是否已升级到最新的系统版本。
  主屏系统版本检查步骤：桌面->硬件管家->本机->ROM版本；
  副屏系统版本检查步骤：桌面->副屏设置->版本号；
 最新版本：主屏v1.15.14，14寸副屏v1.9.11，7寸副屏v1.11.3；"
115,malfunction,T1 mini,商米T1mini双屏发送文件到副屏失败主屏发送信息给副屏不显示副屏显示卡住不刷新,"1.在主屏的桌面打开“副屏设置”，查看是否可显示副屏的信息，确保主屏和副屏之间可以正常通讯，如果无法获取副屏信息，先参考“8.4 T1双屏：识别不到副屏，无法获取副屏信息”解决双屏通讯问题；
2.检查主屏和副屏是否已升级到最新的系统版本，系统版本过低，可能部分功能不支持。
  主屏系统版本检查步骤：桌面->硬件管家->本机->ROM版本；
  副屏系统版本检查步骤：桌面->副屏设置->版本号；
最新版本：主屏v1.15.14，14寸副屏v1.9.11，7寸副屏v1.11.3；
 系统升级方法可参考2.4 如何将机器升级到最新的系统版本？
3.通过“副屏设置”查看副屏的存储可用容量剩余多少，如果低于10MB，可能会影响发送到副屏的文件存储不成功；需要使用业务APP定期清理缓存，或者通过“客显演示demo”清理全部缓存。
 “客显演示demo”清理全部缓存的方法：
从应用市场中下载“客显演示demo”，打开APP选择“清除缓存"" ，返回桌面查看“副屏设置”可用空间是否有增加。
如果副屏的存储可用空间充足，且已是更新版本，仍然有文件不能发过去副屏，例如100张，只能发5张，则可以判断是文件传输阻塞，因文件传送至副屏需要时间，显示文件时可能会有延时。故尽量在空闲时先将图片和视频文件缓存至副屏，当需要在副屏显示时，根据文件ID调用。"
116,malfunction,T1 mini,商米T1mini双屏系统更新检测不到新版本显示断开连接,"原因1:双屏通讯断开连接，需要解决双屏连接恢复正常后才能升级系统版本。先参考“8.4 T1双屏：识别不到副屏，无法获取副屏信息”解决双屏通讯问题；
原因2:v1.0.9系统OTA组件版本过低，无法通过新生产的SN号段判断是否双屏机器，需要灰度推送新的OTA组件更新后才能升级，请联系技术支持安排OTA推送新版本的""系统更新""APP，然后在桌面打开“系统更新”app检查是否能获取版本更新。"
117,malfunction,T1 mini,商米T1mini打印机门盖打不开如何处理,"a. 目视纸仓门出纸口，查看切刀是否明显处于推出状态；
b. 打开打印出纸口上方切刀盖，向上旋转白色切刀旋钮，使切刀退回最顶部；
c. 确认刀退回以后，因为有纸卡住了门盖打不开，需要用手拉翻盖出纸口位置，将门盖强行打开；
d. 如果卡的纸处理干净了，再检查压纸棍是否已经变形损坏，如果没有变形才测试是否已修复。"
118,malfunction,T1 mini,商米T1mini打印机门盖关不上如何处理,"a. 打开门盖，检查压纸棍金属铁片是否变形，如已变形，需要送售后维修处理。
b. 目视纸仓门出纸口，查看切刀是否明显处于推出状态；打开打印出纸口上方切刀盖，向上旋转白色切刀旋钮，使切刀退回最顶部，再测试是否门盖可以关上；如果还关不上需要送售后维修处理。"
119,malfunction,T1 mini,商米T1mini打印走纸不正常如何处理,"1.关于用纸方面的须知，必须要用国际标准的大纸芯打印纸，否则有一定概率会出现卡纸及走纸不正常的情况。
2.平时关闭纸仓时双手轻轻按压仓门的顶端完全闭合盖子。如果关闭打印舱门的时候用力太大或者太快，强行按压门盖，可能会导致压纸滚轴支撑钣金变形，导致压制胶辊齿轮无法良好契合打印机，致使打印机滚轴齿轮打滑，出现打印不走纸。这个时候应该把滚轴拆卸下来检验是否出现明显变形，如已变形，需要付费更换配件。"
120,malfunction,T1 mini,商米T1mini打印机切纸只能切一半如何处理,"a.点击硬件管家->切刀->点此切纸一次，测试是否能够切纸；能切纸则需要检查是否业务APP的问题，如果不能切纸则转b继续检查；
b.打开门盖，检查压纸棍金属铁片是否变形；打开打印出纸口上方切刀盖，检查切刀安装是否错位；如发现硬件故障需要送售后维修处理。"
121,malfunction,T1 mini,商米T1mini为什么T1打印机打印出来的内容全是黑块,首先使用硬件管家->打印机->测试使用硬件管家的打印机测试，看看打印是否正常。如果正常应该是APP的打印设置问题，若还是黑块，则点击恢复出厂测试是否恢复正常，问题仍然存在则是打印机硬件问题。
122,malfunction,T1 mini,商米T1mini打印空白出现提示未检测到黑标请检查,"如果你使用的APP不需要黑标打印功能，可以在 设置->打印->内置打印管理->打印模式选项中切换成 普通热敏模式。
重新启动该设备后生效；"
123,malfunction,T1 mini,商米T1mini打印机小票打印的内容没有居中只有一半,请检查在 设置->打印->内置打印管理中，打印纸可以选择58或80，请确认选择的是80mm。
124,malfunction,T1 mini,商米T1mini打印机不工作报打印机未准备好如何处理,"a. 点击硬件管家->打印机，查看“序列号”和“型号”；
（1）有显示信息，转b继续检查；
（2）没信息，而是显示“--”，转c继续检查；
b. 检查打印机状态是否正常：点击 设置->关于设备->硬件信息，查看打印机状态是【√】还是【X】，如果是【X】，点击右上角的刷下按键，重新开关机，在硬件管家测试打印，查看故障是否依旧，多测几次来判断；
c.如果问题仍然存在，请送售后维修处理。"
125,malfunction,T1 mini,商米T1mini打印机不工作报打印机切刀已经修复如何处理,"首先打开打印纸仓，再次关闭纸仓时双手轻轻按压仓门的顶端确认完全闭合盖子。如果仍然提示“打印机切刀已经修复”而无法打印请继续下一步。
a. 点击硬件管家->打印机，查看“序列号”和“型号”；
（1）有显示信息，转b继续检查；
（2）没信息，而是显示“--”，转c继续检查；
b. 打开纸仓门盖，装纸合盖，查看是否正常切纸；
（1）会正常切纸，说明故障偶现，需要多测几次来判断；
（2）切刀有动作，切不断纸，并且自动回刀，屏幕立刻报切刀已修复；判定为压纸棍金属变形或者切刀变形，需更换。
c. 检查打印机状态是否正常：点击 设置->关于设备->硬件信息，查看打印机状态是【√】还是【X】，如果是【X】，点击右上角的刷下按键，然后重启看看是否恢复正常。如果问题仍然存在，请送售后维修处理。"
126,malfunction,T1 mini,商米T1mini打印机不工作报打印纸未准备好如何处理,"打开纸仓门盖，装纸合盖，查看是否正常切纸；
（1）会正常切纸，说明故障偶现，需要多测几次来判断；
（2）切刀无动作，仍然报打印纸未准备好，请送售后维修处理。"
127,introduction,P1,商米P1外观介绍,"电源键
短按：点亮屏幕，锁定屏幕。
长按：关机状态下，长按2-3秒开机；
      使用状态下，长按2-3秒，可选择关机或重启。
      死机状态下，长按11秒，自动重启。
音量键
调节音量大小（可设置为快速扫码键，需要应用支持）。
返回键
点击返回之前屏幕。
1. 主屏幕键:.
点击可快速回到主屏幕。
2. 菜单键:
点击可快速查看后台运行的程序；
选择应用程序并侧滑，即可关闭此应用。
3. 打印机:
用于开机状态下打印单据。
4. 磁卡读卡器:
用于刷银行卡磁条信息
5. IC卡读卡器:
用于插入银行芯片卡
6. NFC读卡器:
用于感应闪付卡
7. 指示灯:
用于提示刷卡业务步骤。
8. MICRO USB接口:
可用于给设备充电和开发者调试使用。
9. 摄像头:
只能用于二维码扫描。充电触点
10. 闪光灯:
辅助拍照时照亮周围环境。
11. PSAM卡槽:
用于插入加密PSAM CPU卡
12. SIM卡插槽:
注意：本插槽使用标准SIM卡，需用Nano-SIM、
Micro-SIM卡请使用转换卡座；插入或取出sim卡时，
请先关机，若开机状态下插拔可能造成机器故障。
・ 平移打开SIM卡盖；
・ 按图示方向，插入/取出SIM卡；
・ 按平移方向盖紧电池盖。
（SIM卡支持联通版3G及联通版/移动版2G网络）
13. 电池:
使用时避免与水、金属物体、其他带电设备接触
14. 背带环:
用于固定手持背带，避免滑落。（此配件需额外购买）"
128,introduction,P1,商米P1充电及电池说明,"建议您在打开并开始使用商米机器前，先为电池充电。本机只支持USB线充电。
・ 将5V适配器插入市电插座；
・ 将USB线与机器USB接口相接为机器充电；
・ 正在充电，屏幕会有相应图标显示 ；
・ 若无出现充电图标，请检查USB接口是否插好。"
129,introduction,P1,商米P1电池说明注意事项,"・ 设备选配的是3.7V/5200mAh锂电池，请勿自行拆卸。
・ 为保护电池的使用寿命，建议随时充电，不要等到电池耗光后再充电。
・ 如果在同时运行应用和上网的同时为电池充电，商米机器可能会发热。这是正常现象。
・ 为安全起见，电池可能会因避免过热而停止充电。
・ 请避免在炎热环境中为电池充电。"
130,introduction,P1,商米P1打印纸安装说明,"本机支持58mm热敏打印纸，规格为57±0.5mm*?40mm
・ 请通过开盖提手开启打印纸仓（下图示 1），勿强行打开纸仓，防止打印头齿轮磨损；
・ 按照图示方向，将打印纸正确放入纸仓，并拉出部分纸至切刀外（下图示 2）；
・ 盖好纸仓盖，打印纸安装完成（下图示 3）。
注意：如果打印内容空白，请检查纸卷方向是否放反。 "
131,introduction,P1,商米P1安装SIM卡说明,"P1支持中国联通3G和中国移动2G网络的SIM卡，使用标准大小的 SIM 卡(未经裁剪普通的卡型)。请在关机状态下，插入相应的SIM卡，再开机。
1.按住电源键2秒，点击关机。
2.使用工具将机具背面的螺丝旋开，掀开背面盖板。
3.将SIM 卡截角处朝上放入SIM卡槽，最终SIM 卡截角外露在卡槽外。注意：外侧的卡槽是SIM卡槽，不要把SIM卡安装到SAM卡座上。
4.关闭插槽盖。"
132,introduction,P1,商米P1开机设置说明,"开启智能商用设备，只需几步
长按电源键2-3秒，屏幕点亮，进入首次开机界面，点击【开始设置】按提示操作即可。本机可选择2种上网模式。
连接WLAN
点击要连接的WLAN，若选择一个加密的网络，则需要输入访问密码方可连接。
通过SIM卡连网
若要通过SIM卡联网，可在连接WLAN页面，点击【我想通过SIM卡连网】。
注册商米账号/用已有账号登录
点击【注册新账号】/【用已有账号登录】可注册或登录商米账号，通过商米账号，您可以使用“用户反馈”在线反馈并获得帮助、定位辅助找回丢失设备等服务。如果暂不需要，可以点击【跳过】，完成激活设备。"
133,function,P1,商米P1如何下载／使用应用,相关应用可在联网模式下，打开应用市场，浏览分类或者搜索应用名称并下载应用即可完成安装。
134,function,P1,商米P1电池维护,电池维护：为保护电池的使用寿命，建议随时充电，不要等到电池耗光后再充电。当设备低电量并想长时间存放不用时，请先充满电，避免电量耗光损坏电池。
135,function,P1,商米P1打印头维护,"1. 打印出现模糊时，可用棉签沾酒精去除陶瓷片上的污垢。
2. 定期用软毛刷清理纸仓内的纸屑，特别是滚轴、切纸刀、传感器上的灰尘。"
136,function,P1,商米P1设备支持哪些运营商的SIM卡,"P1支持联通的3G/2G和移动2G网络，建议使用联通SIM卡。
P1 4G支持中国移动、中国联通、中国电信4G全网通。"
137,function,P1,商米P1如何连接移动网络,"1.确认机具已放入SIM卡(支持联通3G/2G和移动2G）
2.从屏幕顶部下滑，在快捷开关中点选(运营商名称)将“移动数据网络”开关开启。"
138,function,P1,商米P1如何查看流量使用情况,进入设置 > 流量使用情况，可分别查看移动网络 或 WLAN的流量使用情况。
139,function,P1,商米P1如何截屏,同时按下电源键和音量下按键 2秒，截取的图片可以在“图库”>“屏幕截图”中查看。（注：如果设置了音量键自定义功能键将无法使用快捷键截图，可以到设置中关闭该功能）
140,function,P1,商米P1设置快速打开应用的快捷键快速扫码,P1加入了音量键自定义功能，您可以在“设置->音量键自定义”中设置单按上、下音量键快捷开启指定应用的功能，注意：开启此功能会影响音量键调节音量功能不可用。
141,function,P1,商米P1屏幕顶部出现的禁止图标经是什么,"屏幕顶部状态栏的禁止图标是开启了勿扰模式，机器将会静音。您可以按下音量加按键，将声音模式改为""全部""。"
142,function,P1,商米P1屏幕顶部出现的星号图标是什么,"屏幕顶部状态栏的禁止图标是开启了勿扰模式的优先打扰，允许特定联系人来电或短信通知，其他应用通知将会静音。您可以按下音量加按键，将声音模式改为""全部""。"
143,function,P1,商米P1商米设备上的用户反馈有什么用,为了更好更及时的收集客户反馈及解决客户疑问、同时不断吸取建议优化商米设备，故商米在旗下设备上专门设立“用户反馈”功能，凡商米用户，只需注册商米账号，即可随时将设备的使用疑问、体会、建议、心得等填写上传，我们会每日查看用户所提交的内容并做相应回答。
144,function,P1,商米P1商米设备上的耗材商城有什么用,商米设备用户可在设备“耗材商城”内购买商米相应耗材，如打印纸等，后续商米商城内的产品会越来越丰富，敬请期待。
145,function,P1,商米P1应用市场中找不到要下载的APP如何安装第三方APP,"首先，请查看机具是哪个渠道商出货的机具，步骤：点击 应用市场，选择“我的”，在页面下方的“服务商”所属名称。
如果标记名称是“SUNMI”代表是属于商米直接销售或代理商出货的机具，使用者可以从商米应用市场下载公共池内现有的应用。至于应用市场没有的应用，也支持自行安装：通过浏览器在网页搜索下载安装APK；或者在电脑使用豌豆荚或360手机助手下载APK。
如果“服务商”显示渠道商名称，则代表您的机具属于渠道定制机；渠道商为了保证其生态权利（提供独有的解决方案、专利或福利），我们将应用市场的控制权交给他们，他们可以调整该渠道出货机具的应用市场有哪些应用程序。销售人员一般都会讲清其销售设备的业务能力范围，而使用者购买前也建议向销售防确认是否能够满足自己的业务管理需求哦。
如果渠道应用市场缺少您需要使用的应用，您可以向渠道商反馈，争取应用程序的上架。"
146,function,P1,商米P1下载第三方APP更新后点进去提示出于安全考虑设备已设置为禁止安装来源不明的应用但是在设置安全的未知来源选项是灰色的不能打开怎么处理,根据银联规范要求，金融机具P1只允许通过商米应用市场下载安装/更新经过审核的应用，如有需要可以将应用上传到商米应用市场后下载。P1不允许在APP内直接更新，也不允许在第三方应用市场下载安装。
147,function,P1,商米P1系统更新会自动下载吗会不会影响到日常工作,为了不影响商户日常工作，系统更新不会自动下载更新和安装。您可以在设备首页的“系统更新”中升级更新设备系统。
148,function,P1,商米P1关闭系统及应用在3G4G状态下自动更新,"关闭系统自动更新：默认在移动网络状态下不会自动进行系统更新。
关闭自动下载应用：打开应用市场->我的->开启“省流量模式”。"
149,function,P1,商米P1在P1使用高峰期的时候为什么系统一直提示需要重启,"银联规定金融交易相关设备需要24小时内重启自检，目前商米P1设备的设计是第20小时提示自动重启，之后每隔一小时会提示一次，到第24小时自动重启；  
建议您在非繁忙时期定期重启机具。可以点击 设置->定时开关机，根据自己情况设置P1设备自动开关机时间，错开提示时间；如凌晨3点重启，这样的话第一次提醒重启是在23点，错开设备使用高峰期。"
150,function,P1,商米P1如何恢复出厂设置,点击 设置->其他设置->备份和重置->恢复出厂设置。（注意：恢复出厂设置将会清除机器所有数据，请谨慎操作）
151,function,P1,商米P1设置了PIN码锁屏但是忘记锁屏密码怎么处理,忘记密码需要重新刷机，请联系经销商处理。
152,function,P1,商米P1系统安全模式是什么,安全模式是安卓系统的一个特殊模式，它的原理与Windows 的安全模式相似。如果安卓系统出现类似软件，例如应用程序引发的死机、重启或电池很快耗尽，此时可进入安全模式来检查问题是否为应用程序所造成。在安全模式中，系统不会加载非预装应用程序，仅会就自身的系统来进行正常启动。这样用户便能进行系统检测、修复错误，或卸载有问题的应用程序。
153,function,P1,商米P1如何进入安全模式,"在开机显示开机动画时，按住""音量减""键直到进入系统桌面，此时桌面左下方显示「安全模式」即表示成功。"
154,function,P1,商米P1如何退出安全模式,重新启动即可退出。
155,function,P1,商米P1是否支持外接其他设备,P1的MicroUSB接口支持OTG 连接外部的USB设备，例如U盘和小键盘等；同时也支持通过蓝牙连接蓝牙打印机、蓝牙电子秤和扫码枪使用。
156,function,P1,商米P1使用哪种规格的热敏纸规格,P1使用57mm*40mm的热敏纸。
157,function,P1,商米P1其他设备是否可以把P1当蓝牙打印机来使用,不可以。P1的蓝牙打印是通过商米的底层封装虚拟的连接完成的，只支持设备自己使用。
158,function,P1,商米P1如何在APP中通过蓝牙连接商米P1的打印机,"1.在桌面上找到""设置""->""蓝牙""->开启蓝牙开关。
2.回到桌面，打开您需要使用APP，找到打印设置，点击连接或添加打印机，选择“innerPrinter”连接成功后，再打印即可。"
159,function,P1,商米P1调整打印清晰度,您可以点击设置->打印设置，将“打印浓度”数值调高。
160,function,P1,商米P1设备是否支持打印热敏标签不干胶标签,不支持打印不干胶标签。时间长的话墨淡了就看不清了；而且打印刚好到间隙时会报打印机缺纸，打印途中如果遇到间隙排版会乱掉，还有打印的标签清晰度不能完全保证。建议购买专用的标签打印机外接使用，可选择支持安卓系统，支持通过蓝牙连接的型号。
161,function,P1,商米P1硬件管家可以检查哪些项目,"硬件管家支持检测以下项目：
1、硬件管家->系统信息：可查看设备的详细信息及参数；
2、硬件管家->网络状况：可查看/测试本机网络情况、测试信号强度和网络稳定性；
3、硬件管家->存储设置：可查看设备的存储情况明细；
4、硬件管家->立即体检：可诊断设备的GPS/WIFI/摄像头/喇叭/蓝牙/麦克风的状态；
5、硬件管家->立即体检->辅助检测->打印机：可测试设备的打印及打印头老化测试；
6、硬件管家->立即体检->辅助检测->扫描头：检测设备的扫描头状况；
7、硬件管家->立即体检->辅助检测->显示屏：可设置屏幕亮度并测试显示屏颜色是否正确；
8、硬件管家->立即体检->辅助检测->触屏：可测试设备触屏灵敏度是否无误。"
162,malfunction,P1,商米P1开不了机如设备电量过低如何处理,"1.若电池电量完全耗尽，请连接标配的电源适配器，充电30分钟以后查看屏幕是否正常显示充电状态。
2. 换可以正常使用的电池到设备上，电池交叉更换后充电；两台设备都能开机的话就是电池过放，如果正常设备不能开机那么就是电池有问题；"
163,malfunction,P1,商米P1电池充电不通电,"请尝试以下方法：
1.连接标配的电源适配器，若电池电量完全耗尽，至少充电30分钟以后查看是否恢复正常。
2.如果在同时运行多个应用和上网的同时为电池充电，机器可能会发热。这是正常现象。在温度过高时电池可能会因避免过热而停止充电。关机闲置5分钟后查看是否恢复正常。
3. 重新插拔充电器，或者有条件可更换电源适配器交叉测试。"
164,malfunction,P1,商米P1充电就发烫然后自动关机怎么处理,"请尝试以下方法：
如果在充电的同时，系统后台还有多个应用在运行会加剧温度上升，请停止充电，先关机，稍等5分钟后开机，再充电试试。"
165,malfunction,P1,商米P1死机怎么办,P1死机无法操作时可以持续按住电源键11秒，机具将自动重启。
166,malfunction,P1,商米P1APP使用时没有声音提示,"1. 测试其他APP是否有声音提示，如果只是某个APP没有提示音，其他APP可正常使用，请尝试卸载该APP重新安装。
2. 连续按下多次机具侧面的音量加键调高音量，并将音量模式选择为“全部”。如果音量仍然没有提高尝试重启机具观察是否恢复正常。
3. 不要屏蔽App通知：点击设置->提示音和通知->通知->应用通知->相应APP->屏蔽，看看是不是开启了屏蔽功能，如果开启，关闭即可。"
167,malfunction,P1,商米P1无法识别SIM卡如何处理,"请尝试以下方法：
1. 设备支持中国联通3G和中国移动2G网络的SIM卡，使用标准大小的 SIM 卡(未经裁剪普通的卡型)。
2.参考右图，将SIM 卡截角处朝上放入SIM卡槽，最终SIM 卡截角外露在卡槽外。
3.在关机状态下，插入相应的SIM卡，再开机。"
168,malfunction,P1,商米P1插入流量卡无法联网怎么处理,"1. 请确认使用兼容的SIM卡(P1支持中国联通3G以及中国移动2G)，并确认SIM卡能被正常识别（有网络信号），没有存在欠费的问题。
2. 在开机状态，从屏幕顶部下滑，在快捷开关中点选(运营商名称)将""移动数据网络""开关开启。
3. 如果不能识别SIM卡，请关机，检查SIM放置的方向正确，可以重新插拔一下SIM卡，或者更换其他SIM卡试试。
4.  如果能识别SIM卡，有信号接收但是不能联网，请开机后进入 设置-更多-移动网络-接入点名称(APN)，如果此处未识别到存取点，将无法正常连接网络。
请点击右上角(+)号根据流量卡提供商提供的数据设置分别输入APN名称、接入点名称、MCC、MNC等选项，保存后返回桌面，再试试。（一般联通卡的接入点名称是3gnet，移动卡的接入点名称是cmnet；其他定制卡可根据服务商要求填写）"
169,malfunction,P1,商米P1连接WLAN时提示网络连接失败WiFi上网慢上网不稳定上网断,"1. 尝试切换其他无线网络或移动网络测试，检查是否网络异常。
2. 点击 设置-硬件管家-测试网络的信号强度及网络稳定性。
3. 如果连接其他网络可以连接但是不能上网，可以尝试以下步骤：
 1) 重新启动机具，再试试是否恢复正常。
 2) 点击在设置->备份和重置，选择“重置网络设置”再测试。"
170,malfunction,P1,商米P1APP使用时显示网络连接失败,"点击 硬件管家->测试网络的信号强度及网络稳定性。
如果其他应用能够联网，那么属于该应用的问题，可以尝试联系该应用的软件商反馈；
如果硬件管家的测试网络存在连接不稳定或信号弱，重新启动机具试试是否恢复正常。如果问题仍然存在，请检查路由器或者联系当地运营商核实网络状况。"
171,malfunction,P1,商米P1业务APP不能打印怎么办,"请尝试以下方法：
打开硬件管家->立即体检->辅助检测->打印机->测试打印效果，看下是否能打印。
1.如果硬件管家测试打印功能正常，代表打印机没故障，应该属于应用的打印设置未设置好打印机，或者应用不支持打印。
 如果业务APP通过蓝牙调用打印机，可参考以下步骤设置：
 1)在桌面上找到""设置""->""蓝牙""->开启蓝牙开关。
 2)回到桌面，打开需要打印票据的业务APP，找到打印设置，点击连接或添加打印机，选择“innerPrinter”，并确认该设备已连接“innerPrinter”，完成。
2.如果仍然未能打印，可尝试在设置->应用程序管理->选择该应用""清除数据”，重新启动再试。"
172,malfunction,P1,商米P1打印内容空白怎么处理,请检查纸卷方向是否放反，热敏打印纸区分正反面的，若装反了会没有字显示的。
173,malfunction,P1,商米P1打印不走纸或打印很慢怎么处理,"请尝试以下方法：
1.检查打印舱盖是否完全关闭；
2.检查打印纸卷是否松散或纸卷太大，将打印纸正确放入纸仓，并拉出部分纸至切刀外，盖好纸仓盖，再试；
3.检查打印压纸滚轴是否有损坏；小心取出再压紧。
4长按电源键选择关机，然后再长按电源键开机。
5.如以上方法无法解决问题，请联系售后维修处理。"
174,malfunction,P1,商米P1打印变淡打印模糊打印字体整体不清晰,"请尝试以下方法：
首先打印测试页查看打印出来的内容是否清楚： 点击 硬件管家->立即体检->辅助检测->打印机->测试。
 结果分两种情况：
 打印出来是左右均匀，内容不清晰：
 1)升级系统到最新的版本。
 2)打印出来的字迹模糊，可能是热敏头污损了，用棉签沾酒精擦拭一下，看能不能改善。
 3)进入 设置 -> 打印设置 -> 打印浓度 将数值调高一点可以改善打印清晰度。
 4)检查打印纸是否受热受潮，更换一卷新的品质好的小票纸，看是否解决问题。
 打印左右不均匀，一边清晰，一边模糊：
 1)掀开打印盖板，检查打印压纸滚轴是否有杂物覆盖或者有损坏。小心取出清理后再压紧。如果仍然压不紧，需要购买滚轴零配件更换。
 2)打印出来的字迹模糊，可能是打印加热片有污渍杂质覆盖，用挤干的酒精棉轻轻清除加热片表面覆盖污渍，再观察是否有改善。
 3)尝试按压数次打印陶瓷片的位置(背面有三个弹簧），再打印试试。
 4) 如果问题仍然存在，请联系售后维修处理。"
175,malfunction,P1,商米P1开机发出滴滴滴报警音显示POS机受到攻击请联系经销商怎么解除,"金融设备P1在使用场景上主要是满足金融交易的可靠性，保证资金信息在传输过程中的安全性，所以要比非金融类设备增加了防拆机制和各种自毁机制，在防拆、防刺探、防测露、防攻击方面要优于非金融设备。
当安全芯片检测到有非正常操作、拆机、摔打受损等情况会发出报警音或者屏幕右上角指示灯常亮红色或者黄色，P1发生金融攻击安全报警，则必须关机联系经销商，返回售后解除。"
176,malfunction,P1,商米P1使用收银类APP的时候选扫码支付出现卡死状态如何处理,"可能原因：机器在第一次打开应用使用扫码功能的时候会提示是否开通摄像头使用权限，点击拒绝后将不再提示，后续使用将应用出现卡死的问题。
解决方法：打开 设置->安全->应用权限->应用->找到该应用点开->使用摄像头->总是允许。"
177,malfunction,P1,商米P1NFC刷卡无反应,先观察NFC天线连接是否有明显断开，明显断开的需要售后更换；无明细断开的需要寄回售后查看问题；
178,malfunction,P1,商米P14G切换渠道后新的自定义桌面不生效的问题,P1-4G升级到1.2.5版本后就可以解决此问题，其他设备涉及到此问题的打开设置-应用-显示系统进程-SunmiBaseService，确认下版本是不是高于2.2.3；
179,malfunction,P1,商米P1屏幕右上角的LED灯在哪些场景会起作用,"P1的LED灯是根据银联标准而设立的安全指示灯，平时是用于IC卡和NFC刷卡过程中提示交易步骤（遵循QCUP 009.1-2015 销售点终端（POS）应用规范）。
如果P1的安全机制被触发，那么指示灯常亮和闪烁就代表了不同的被触发位置，方便维修判断。除此之外该指示灯不可作为其他用途。"
180,malfunction,P1,商米P1LED指示灯状态说明,"未就绪：所有指示灯熄灭
空闲状态：蓝灯每间隔5秒闪烁一次，每次亮灯时长大约200 毫秒，其它灯不亮。
激活卡片：蓝灯常亮
交易处理：
（1）读卡器只处理支付应用时，蓝灯仍然保持常亮，黄色灯亮起
（2）读卡器完成卡片支付数据读取并正在处理非支付应用数据时黄色指示灯亮
移出卡片：蓝灯、黄灯仍然保持常亮，并且持蜂鸣音常响.
交易成功:维持移出卡片时的状态，并显示交易成功。绿灯亮起，三色灯同时亮至少750 毫秒后，全部熄灭。（对于联机交易，绿色指示灯闪烁，直至发卡方认证结束）。
交易失败：红灯常亮，并显示相应的错误信息，包括：多卡冲突、转接触式或磁条方式交易、卡片未移出等.并蜂鸣器短响且会持续."
181,malfunction,P1,商米P1支持哪类IC卡片支持哪类非接卡,商米P1的IC读卡器符合ISO7816、PBOC3.0和EMV 2000标准，支持此标准的IC卡；非接触卡读卡器支持运行在 13.56Mhz频段、符合ISO/ICE 14443 TypeA/B标准的NFC卡和Mifare卡。
182,introduction,M1,商米M1外观介绍,"1. 电源键:
短按：点亮屏幕，锁定屏幕。
长按：关机状态下，长按2-3秒开机；
      使用状态下，长按2-3秒，可选择关机或重启。
      死机状态下，长按13秒，自动重启。
2. 音量键:
调节音量大小（可设置为快速扫码键，需要应用支持）。
3. 返回键:
点击返回之前屏幕。
4. 主屏幕键:
点击可快速回到主屏幕。
5. 菜单键:
点击可快速查看后台运行的程序；
选择应用程序并侧滑，即可关闭此应用。
6. 耳机孔:
可外接音响/接入个人刷卡POS（需应用支持）。
MICRO USB调试接口
仅适用于开发者调试，此接口不支持充电
7. SIM卡插槽:
注意：本插槽使用标准SIM卡，需用Nano-SIM、
Micro-SIM卡请使用转换卡座；插入或取出sim卡时，
请先关机，若开机状态下插拔可能造成机器故障。
・ 平移打开SIM卡盖；
・ 按图示方向，插入/取出SIM卡；
・ 按平移方向盖紧卡盖。
（SIM卡支持联通版3G及联通版/移动版2G网络）
8. 摄像头:
只能用于近距离（6cm-20cm）扫码。
9. 充电触点:
用于与底座接触进行充电。
（避免与水、金属物体、其他带电设备接触）

"
183,introduction,M1,商米M1充电及电池说明,"建议您在打开并开始使用商米机器前，先为电池充电。设备只支持充电底座充电，不支持USB线充电。
・ 将底座适配器插入市电插座； 
・ 将机器按图示方向放入充电底座；
・ 正在充电，屏幕会有相应图标显示 ；
・ 若无出现充电图标，请检查机器放入充电底座方向是否正确。
・ 电池从零至充满需要3小时"
184,introduction,M1,商米M1电池说明注意事项,"・ 设备选配的是3.7V/3000mAh的不可拆卸内置式锂电池，请勿自行拆卸。
・ 为保护电池的使用寿命，建议随时充电，不要等到电池耗光后再充电。
・ 如果在同时运行应用和上网的同时为电池充电，商米机器可能会发热。这是正常现象。
・ 为安全起见，电池可能会因避免过热而停止充电。
・ 请避免在炎热环境中为电池充电。"
185,introduction,M1,商米M1安装SIM卡说明,"设备支持中国联通3G和中国移动2G网络的SIM卡，使用标准大小的 SIM 卡(未经裁剪普通的卡型)。
由于设备不支持热插拔，请在关机状态下，插入相应的SIM卡，再开机。
操作步骤如下：
1.按住电源键2秒，点击关机。
2.用大拇指或食指打开设备左侧的SIM卡插槽盖。
3.将SIM 卡截角处朝上放入SIM卡槽，最终SIM 卡截角外露在卡槽外。
4.关闭插槽盖。"
186,introduction,M1,商米M1开机设置说明,"初次开启商米设备，激活设备只需简单几步：
・长按电源键2-3秒，屏幕点亮，进入首次开机界面，点击【开始设置】按提示操作即可。本机可选择2种上网模式。
连接WLAN
・点击要连接的WLAN，若选择一个加密的网络，则需要输入访问密码方可连接。
通过SIM卡连网
・若要通过SIM卡联网，可在连接WLAN页面，点击【我想通过SIM卡连网】。
注册商米账号/用已有账号登录
・点击【注册新账号】/【用已有账号登录】可注册或登录商米账号，通过商米账号，您可以使用“用户反馈”在线反馈并获得帮助、定位辅助找回丢失设备等服务。如果暂不需要，可以点击【跳过】，完成激活设备。"
187,function,M1,商米M1如何下载／使用应用,相关应用可在联网模式下，打开应用市场，浏览并下载应用即可完成安装。
188,function,M1,商米M1充电底座维护,"1. 保持充电顶针、充电触片表面光滑，不积油、积水。
2. 如有污渍油污，请用棉签沾酒精擦拭。"
189,function,M1,商米M1电池维护,电池维护：为保护电池的使用寿命，建议随时充电，不要等到电池耗光后再充电。当设备低电量并想长时间存放不用时，请先充满电，避免电量耗光损坏电池。
190,function,M1,商米M1设备支持哪些运营商的SIM卡,M1支持联通的3G/2G和移动2G网络，建议使用联通SIM卡。
191,function,M1,商米M1如何连接移动网络,"1.确认机具已放入SIM卡(支持联通3G/2G和移动2G）
2.从屏幕顶部下滑，在快捷开关中点选(运营商名称)将“移动数据网络”开关开启。"
192,function,M1,商米M1如何查看流量使用情况,请您进入设置 -> 流量使用情况，可分别查看移动网络 或 WLAN的流量使用情况。
193,function,M1,商米M1是否支持拨打电话和发送接收短信,M1 属于WCDMA无线数据终端，由于工信部限制的原因，插入SIM卡主要用作移动网络连接使用，不支持电话和短信功能。
194,function,M1,商米M1商米设备是否和其他安卓手机一样能支持WiFi热点分享吗,不支持，有些合作伙伴自己来承担商户的流量资费，为了防止用户滥用流量，商米在SUNMIUI中剪裁掉了Android原有的热点功能。
195,function,M1,商米M1如何使用设备截屏,同时按下电源键和音量下按键 2秒，截取的图片可以在“图库”>“屏幕截图”中查看。（注：如果设置了音量键自定义功能键将无法使用快捷键截图，可以到设置中关闭该功能）
196,function,M1,商米M1如何设置快速打开应用的快捷键,M1加入了音量键自定义功能，您可以在“设置->音量键自定义”中设置单按上、下音量键快捷开启指定应用的功能，注意：开启此功能会影响音量键调节音量功能不可用。
197,function,M1,商米M1屏幕顶部出现的禁止图标经是什么,"屏幕顶部状态栏的禁止图标是开启了勿扰模式，机器将会静音。您可以按下音量加按键，将声音模式改为""全部""。"
198,function,M1,商米M1屏幕顶部出现的星号图标是什么,"屏幕顶部状态栏的禁止图标是开启了勿扰模式的优先打扰，允许特定联系人来电或短信通知，其他应用通知将会静音。您可以按下音量加按键，将声音模式改为""全部""。"
199,function,M1,商米M1设备上的用户反馈有什么作用,商米为了更好更及时的收集客户反馈及解决客户疑问、同时不断吸取建议优化商米设备，故商米在旗下设备上专门设立“用户反馈”功能，凡商米用户，只需注册商米账号，即可随时将设备的使用疑问、体会、建议、心得等填写上传，我们会每日查看用户所提交的内容并做相应回答。
200,function,M1,商米M1设备上的耗材商城有什么用,商米设备用户可在设备“耗材商城”内购买商米相应耗材，如打印纸等，后续商米商城内的产品会越来越丰富，敬请期待。
201,function,M1,商米M1应用市场中找不到要下载的APP如何安装第三方APP,"首先，请查看机具是哪个渠道商出货的机具，步骤：点击 应用市场，选择“我的”，在页面下方的“服务商”所属名称。
如果标记名称是“SUNMI”代表是属于商米直接销售或代理商出货的机具，使用者可以从商米应用市场下载公共池内现有的应用。至于应用市场没有的应用，也支持自行安装：通过浏览器在网页搜索下载安装APK；或者在电脑使用豌豆荚或360手机助手下载APK。
如果“服务商”显示渠道商名称，则代表您的机具属于渠道定制机；渠道商为了保证其生态权利（提供独有的解决方案、专利或福利），我们将应用市场的控制权交给他们，他们可以调整该渠道出货机具的应用市场有哪些应用程序。销售人员一般都会讲清其销售设备的业务能力范围，而使用者购买前也建议向销售防确认是否能够满足自己的业务管理需求哦。
如果渠道应用市场缺少您需要使用的应用，您可以向渠道商反馈，争取应用程序的上架。"
202,function,M1,商米M1安装从网页下载或者蓝牙接收到本地的应用APK显示应用未安装或禁止未经授权的APP安装如何处理,如果您使用的是渠道定制机，而渠道合作伙伴在后台设置不允许安装第三分应用，则用户只能从商米应用市场下载安装应用，无法通过其他方式安装应用。
203,function,M1,商米M1如何查看机具是哪个渠道商出货的机具,您可点击 应用市场，选择“我的”，在页面下方的“服务商”所属名称。
204,function,M1,商米M1如何停用不必要的应用,M1不支持停用应用，对于自行安装的APP，您可以尝试使用以下步骤卸载：在设备桌面长按APP图标拖拽到屏幕上方，出现删除图标放开卸载APP。
205,function,M1,商米M1为什么有部分应用无法卸载,如果您使用的是渠道定制机，而渠道合作伙伴在其专属应用市场将部分应用设置为默认启动，则用户无法在旗下机具上删除这部分应用。
206,function,M1,商米M1机器内置什么输入法安装了第三方输入法怎么切换,M1内置谷歌输入法，如果您安装了第三方输入法，请在随意一个允许输入的界面，按右下角的小键盘图标->选择键盘->将您需要使用的输入法启用，然后点击小键盘图标切换方可使用。
207,function,M1,商米M1系统更新会自动下载吗会不会影响到日常工作,为了不影响商户日常工作，系统更新不会自动下载更新和安装。您可以在设备首页的“系统更新”中升级更新设备系统。
208,function,M1,商米M1怎么擦你能禁止系统及应用在3G状态下自动更新,"1.关闭系统自动更新：默认在3G状态下不会自动进行系统更新。
2.关闭自动下载应用：打开应用市场->我的->开启“省流量模式”。"
209,function,M1,商米M1如何恢复出厂设置,点击 设置->其他设置->备份和重置->恢复出厂设置。（注意：恢复出厂设置将会清除机器所有数据，请谨慎操作）
210,function,M1,商米M1可以提供系统刷机包吗,为了系统安全考虑，商米不提供系统刷机包。但是我们会持续给现有机具通过OTA方式推送系统更新。
211,function,M1,商米M1可以提供系统刷机包吗商米设备既然是安卓操作系统那么是否可以获取ROOT权限,为了设备的安全性和系统稳定性考虑，商米限制不能获取到设备的root权限。
212,function,M1,商米M1设备设置了PIN码锁屏但是忘记锁屏密码怎么处理,如您忘记密码需要重新刷机，请联系售后处理。
213,function,M1,商米M1系统安全模式是什么,安全模式是安卓系统的一个特殊模式，它的原理与Windows 的安全模式相似。如果安卓系统出现类似软件，例如应用程序引发的死机、重启或电池很快耗尽，此时可进入安全模式来检查问题是否为应用程序所造成。在安全模式中，系统不会加载非预装应用程序，仅会就自身的系统来进行正常启动。这样用户便能进行系统检测、修复错误，或卸载有问题的应用程序。
214,function,M1,商米M1如何进入安全模式,"在开机显示开机动画时，按住""音量减""键直到进入系统桌面，此时桌面左下方显示「安全模式」即表示成功。"
215,function,M1,商米M1如何退出安全模式,重新启动即可退出。
216,function,M1,商米M1内置GPS芯片吗是否支持GPS定位吗,"M1出货机器中型号为“M1”的机型没有内置GPS，而“M1-L”、“M1-NL”和“M1-B18”(海外版)的机型内置GPS芯片（在设置->关于设备 中查看“型号”是哪款机型）。
用户可以在设置->位置信息中开启定位服务开关，同时在下方的模式中可以选择通过GPS定位或者网络定位。
选择网络定位模式，一旦接入网络，无论是Wifi还是3G，都可以快速获取位置，适合在室内环境使用，但是没有GPS定位那么精准。GPS定位准确度最好，但是定位速度较网络定位长，并且在室内环境无法使用了，必须在室外空旷处才能寻找到卫星信号完成定位。"
217,function,M1,商米M1如何取消点击屏幕导航按键的震动效果,在设置->提示音和通知，点选右上角设置齿轮图标，关闭“触摸提示音”。
218,accessories,M1,商米M1是否支持外接其他设备,M1可以通过蓝牙连接外部蓝牙打印机；而机身侧面的MicroUSB接口只作连接电脑调试使用，不支持OTG连接USB设备。
219,malfunction,M1,商米M1硬件管家可以检查哪些项目,"硬件管家支持检测以下项目：
1、硬件管家->本机信息：可查看设备的详细信息及参数；
2、硬件管家->网络状况：可查看/测试本机网络情况、测试信号强度和网络稳定性；
3、硬件管家->扫描头：检测设备的扫描头状况；
4、硬件管家->显示屏：可设置屏幕亮度并测试显示屏颜色是否正确；
5、硬件管家->触屏：可测试设备触屏灵敏度是否无误。
6、硬件管家->喇叭：可诊断设备的喇叭状态；"
220,malfunction,M1,商米M1开不了机如设备电量过低如何处理,若电池电量完全耗尽，请连接标配的电源适配器，充电20分钟以后查看屏幕是否正常显示充电状态。
221,malfunction,M1,商米M1无法充电怎么处理,"请您尝试以下方法：
1.请连接标配的充电底座， 若电池电量完全耗尽，至少充电30分钟以后查看是否恢复正常。
2.如果在同时运行多个应用和上网的同时为电池充电，机器可能会发热。这是正常现象。在温度过高时电池可能会因避免过热而停止充电。关机闲置5分钟后查看是否恢复正常。
3. 重新插拔充电器，或者有条件可更换充电底座交叉测试。"
222,malfunction,M1,商米M1安装应用时提示储存空间不足怎么处理,"请检查“可用空间”是否过少，步骤：硬件管家->存储。
如果可用空间大于500MB，可能是某个应用自身出现问题引起，重启机具再安装试试。
如果可用空间低于500MB，需要卸载部分不用的应用，释放更多空间再安装应用。"
223,malfunction,M1,商米M1使用卡顿怎么处理,"请尝试以下方法：
1. 机器在同时运行多个应用时，可能会出现因资源不足而运行缓慢的状况，建议可以定期关闭后台非必须的APP进程，步骤:按下□键，选择清扫图标，进行一键清理内存。或者重启机器后再试试。
2. 清理应用的缓存数据和垃圾文件。步骤：设置->应用程序管理->选择相应的程序->清除缓存。
3. 升级系统到最新的版本以获得更好的使用体验。"
224,malfunction,M1,商米M1设备死机,"机具死机无法操作时可以持续按住电源键13秒，机具将自动重启，试试机器是否恢复正常。
如何要了解死机的原因，就需要观察死机重启的频率：偶尔死机 还是 经常死机
偶尔死机：可能是出现资源冲突导致死机，这并非机具问题。建议您及时关闭不使用的应用(步骤:按下□键，选择清扫图标，进行一键清理内存。)，保留业务APP并卸载不常用的APP，重启机具后再观察一段时间。
经常死机：确认是否任何操作都会出现死机。
否->确认近期是否安装了某个应用后导致设备突然异常死机，或者在运行个别应用死机，应该是应用自身出现问题引起，建议您卸载该应用重新安装，或者下载安装其他类似应用代替，观察是否还会死机。
是->尝试恢复出厂设置，以及升级系统到最新的版本。"
225,malfunction,M1,商米M1扫码模糊反应速度慢怎么解决,"1.M1使用的是200万像素定焦摄像头，按照推荐的扫码距离拍摄更清晰，而超过距离的会由于图像不清晰而导致扫码失败。（注：2016年10月之前生产的老款镜头调焦距离为13cm（可以理解为镜头到物体在13cm处最清晰），2016年10月后生产的新款镜头调焦距离为6.5cm）
2.扫码速度与网络、光线等因素有关，您可以在光线充足的环境调整拍摄角度试试。
3.确认使用扫码的APP是否有调用商米的扫码SDK：为了提升机具的扫码识别率，我们特别推出了扫码SDK供软件商调用（使用网上的通用方法虽然能用，但不是最好的，会比我们的扫码SDK慢30%左右），如果对扫码有特别需求的情况下可以使用我司提供的SDK。"
226,malfunction,M1,商米M1APP使用时没有声音提示,"1. 测试其他APP是否有声音提示，如果只是某个APP没有提示音，其他APP可正常使用，请尝试卸载该APP重新安装。
2. 连续按下多次机具侧面的音量加键调高音量，并将音量模式选择为“全部”。如果音量仍然没有提高尝试重启机具观察是否恢复正常。
3. 不要屏蔽App通知：点击设置->提示音和通知->通知->应用通知->相应APP->屏蔽，看看是不是开启了屏蔽功能，如果开启，关闭即可。"
227,malfunction,M1,商米M1插入流量卡无法联网,"请按以下办法排查：
1. 请确认使用兼容的SIM卡(V1支持中国联通3G以及中国移动2G)，并确认SIM卡能被正常识别（有网络信号），没有存在欠费的问题。
2. 在开机状态，从屏幕顶部下滑，在快捷开关中点选(运营商名称)将""移动数据网络""开关开启。
3. 在屏幕上方出现3G信号图示但是不能联网，请开机后进入 设置->更多->移动网络->接入点名称(APN)；如果此页面显示空白，将无法正常连接网络。
点击右上角(+)号根据流量卡提供商提供的数据设置分别输入APN名称、接入点名称、MCC、MNC等选项，保存后勾选设置，稍等片刻再试试。
一般联通卡的接入点名称是【3gnet】，移动卡的接入点名称是【cmnet】；联通物联卡可在APN输入：【UNIM2M.NJM2MAPN】或 【UNIM2M.GZM2MAPN】，MCC改为【460】，MNC改为【06】；其他物联卡可根据服务商要求填写。"
228,malfunction,M1,商米M1连接WLAN时提示网络连接失败WiFi上网慢网络不稳定一会儿有网一会儿断,"1.尝试切换其他无线网络或移动网络测试，检查是否网络异常。
2.点击  设置-硬件管家-测试网络的信号强度及网络稳定性、如果网络存在连接不稳定或信号弱，则需要检查路由器或者联系当地运营商核实网络状况。
3.如果连接其他网络可以连接但是不能上网，可以尝试重新启动机具，试试是否恢复正常。"
229,malfunction,M1,商米M1APP使用时显示网络连接失败,"请用以下方法排查原因：
测试其他应用联网是否正常，如果其他应用能够联网，那么属于该应用的问题；
如果其他应用也不能联网，请尝试切换其他无线网络或移动网络测试，检查是否网络异常。点击  设置-硬件管家-测试网络的信号强度及网络稳定性、如果网络存在连接不稳定或信号弱，则需要检查路由器或者联系当地运营商核实网络状况。"
230,malfunction,M1,商米M1系统更新后开机显示未知错误请重启怎么办,请按照屏幕提示重启机器是否恢复正常，如果不行则需要送售后刷机处理。
231,function,K1,商米K1机器怎么关机,使用状态下，请长按电源键2-3秒，按屏幕提示选择关机或重启
232,function,K1,商米K1机器怎么重启,使用状态下，请长按电源键2-3秒，按屏幕提示选择关机或重启
233,function,K1,商米K1屏幕按什么都不动了一直卡死机状态,请您长按电源键11秒以上，设备会自动断电关机。
234,function,K1,商米K1我怎么插USB,主板上保护罩：用钥匙打开面板后可见，打开保护罩可露出主板上外部接口，如USB口、HDMI口、音频口、TF卡槽、网线口等。
235,function,K1,商米K1整机电源开关,连接整机电源接口通电后，整机电源开关控制主板及各个设备的供电。
236,function,K1,商米K1开机设置说明,"初次开启自助设备，完成初次设置只需简单几步：
・连接电源线，短按电源键开机启动，进入首次开机界面，点击【开始设置】按提示操作即可。本机可选择2种上网模式。
连接WLAN
・点击要连接的WLAN，若选择一个加密的网络，则需要输入访问密码方可连接。
通过LAN连网
・插入网线连接网络，T2 网线接口位于底座背面塑料壳内，从底下缺口轻轻打开。"
237,function,K1,商米K1如何下载／使用应用,请在联网模式下，打开应用市场，浏览并下载应用即可完成安装。
238,function,K1,商米K1什么是霸屏模式,霸屏模式是针对自助模式或业务独占设备的场景打造的系统级功能，如果合作伙伴在商米合作伙伴平台将渠道出货的设备设置霸屏应用启动后，将不允许最终用户从当前界面中退出。
239,function,K1,"商米K1霸屏应用出现问题无法响应怎么办
划屏无反应屏幕无响应",当您所使用的收银机运行霸屏应用出现问题无法响应时，可以长按电源键5秒，并在弹出界面的右上角选择“退出霸屏”，输入密码来解锁霸屏返回桌面。
240,function,K1,商米K1霸屏模式的密码怎么解锁,注意：默认的霸屏解锁密码（4位数字）为【1234】，合作伙伴可以在商米合作伙伴平台的霸屏模式中修改解锁密码。
241,function,K1,商米K1怎么截屏,点击首页底部右小角的截屏按键即可截屏。截取的图片可以在“图库”->“屏幕截图”中查看。
242,function,K1,商米K1截图照片的存储路径,\内部存储\ Screenshot
243,function,K1,商米K1如何查看无线网卡MAC地址,点击 设置-> WLAN ，点击右上角齿轮图标，即可显示无线网卡MAC地址。
244,function,K1,商米K1如何查看有线网卡MAC地址,点击 设置->有线网，即可显示有线网卡MAC地址。
245,function,K1,商米K1有线网连接后如何设置固定IP联网,连接网线后，点击 设置->有线网->静态->输入静态IP设置。注意：静态的IP地址、网络前缀长度、DNS和网关的数据需要咨询您店铺的网络管理员获取。
246,function,K1,商米K1WiFi连接后如何设置固定IP联网,"成功连接WiFi后，点击 设置->WLAN，长按已连接的WiFi名称，在弹出菜单中选择“修改网络”，点击“高级选项”右侧的下箭头，可进行静态IP设置。
注意：静态的IP地址、网络前缀长度、DNS和网关的数据需要咨询您店铺的网络管理员获取。
"
247,function,K1,商米K1如何将机器升级到最新的系统版本,"1、在机器联网状态，点击 桌面的【系统更新】。
2、当检测到系统更新时将自动下载，点击安装，设备将会重启并执行系统升级。
3、系统升级完成后，再次打开【系统更新】查看当前系统是否已是最新版本。"
248,function,K1,商米K1如何查看当前的系统版本,系统版本：点击 设置->关于->版本号；
249,function,K1,商米K1系统更新会自动下载吗会不会影响到日常工作,"为了不影响商户日常工作，系统更新不会自动下载更新和安装。您可以在设备首页的“系统更新”中升级更新设备系统。
合作伙伴还可以申请“升级审批”权限通过合作伙伴平台将所有已发布的系统升级，在内部进行测试后，再开放给渠道其他设备下载。"
250,function,K1,商米K1如何恢复出厂设置,"点击 设置- >备份和重置->恢复出厂设置。
注意：恢复出厂设置将会清除机器所有数据，请谨慎操作。"
251,function,K1,商米K1设置锁屏但是忘记锁屏密码怎么处理,合作伙伴可以通过商米合作伙伴平台通过远程方式清除锁屏密码；如果设备系统版本未支持或者无法联系到设备购买商，请联系售后刷机处理。
252,function,K1,商米K1如何调整文字显示大小,在主画面点击“设置”->“显示”->“字体大小”，此处可缩小或放大屏幕上文字。
253,function,K1,商米K1如何调整屏幕显示大小,在主画面点击“设置”->“显示”->“显示大小”，此处可缩小或放大屏幕上显示的内容，部分App的显示位置可能会有变动。
254,function,K1,商米K1为什么文字变成加粗黑体显示,检查是否开启了“高对比度文字”显示，在桌面点击 设置 -> 无障碍 中可以选择启用或关闭。
255,function,K1,商米K1如何调节音量大小,主屏幕最下方，第一个按钮是音量-，第四个按钮是音量+
256,function,K1,商米K1自助收银机使用哪种规格的热敏纸,自助收银机使用80mm*80mm的热敏纸，纸卷直径最大支持80mm。
257,malfunction,K1,商米K1屏幕黑屏,请您打开主板保护罩，关闭电源开关，等待五分钟重启设备。
258,malfunction,K1,商米K1如何将机器升级到最新的系统版本,"请您按照以下方法操作：
1、在机器联网状态，点击 桌面的【系统更新】。
2、当检测到系统更新时将自动下载，点击安装，设备将会重启并执行系统升级。
3、系统升级完成后，再次打开【系统更新】查看当前系统是否已是最新版本。"
259,malfunction,K1,商米K1系统不断自动重启,此问题需要升级系统版本，关闭电源- >间隔5秒钟在开电源- >关闭WiFi- >连接有线网升级系统；
260,malfunction,K1,商米K1内置打印机是否支持打印热敏标签不干胶标签,自助收银机内置的是热敏票据打印机，不支持打印不干胶标签，建议购买专用的标签打印机外接使用。
261,malfunction,K1,商米K1打印机不出纸,"请您按照以下方法操作：
1.设备重启->硬件管家打印小票->能打印则打印机无故障，请检查应用。
2.硬件管家不能打印小票->打印自检页是否正常->OK，检查连接线、卡扣及面板是否损坏；
3.如以上方法均无效，请联系人工客服报修"
262,malfunction,K1,商米K1打印机不切纸,1.重新上纸，双手同时按下纸仓盖两边关盖，检查是否切纸，如仍不切纸请联系人工客服报修
263,malfunction,K1,商米K1打印机纸仓盖关盖不切纸上纸困难上纸关纸盖红灯报警打印机不工作,"1.检查卡扣及面板是否损坏，若损坏请联系人工客服报修
2.重新上纸，双手同时按下纸仓盖两边关盖，检查是否切纸，仍不切纸请联系人工客服报修"
264,malfunction,K1,商米K1打印机纸仓盖关不紧,请检查卡扣及面板是否损坏，若损坏请联系人工客服报修
265,malfunction,K1,商米K1打印机经常卡纸堵在亚克力面板口,"1.检查卡扣及面板是否损坏，若损坏换打印机；
2.重新上纸，双手同时按下纸仓盖两边关盖，检查是否切纸，仍不切纸请联系人工客服报修"
266,malfunction,K1,商米K1打印机走纸异常打印字体压缩走纸卡顿只打印一小节纸就切纸,此问题请您重新安装打印纸方可解决
267,malfunction,K1,商米K1打印模糊机头烧变形外观损坏,请联系人工客服报修
268,malfunction,K1,商米K1显示屏黑屏,"1.检查主板指示灯（蓝灯）是否亮起，若不亮，断电3分钟再开启电源开关（用户有时快速开关机造成主板偶尔启不来），若灯仍不亮，则需进行报修
2.若主板指示灯正常，关电源，间隔5秒钟在开电源，开机过程中，注意听系统启动声音，若听到系统“叮咚”声但显示屏依然黑屏，请检查主板上接线是否松动，如拔插还是无法解决，则需进行报修
3.若未听到系统“叮咚”声，则系统未启动，则需进行报修"
269,malfunction,K1,商米K1长时间不用显示屏自动黑屏,请查看主板指示灯（蓝灯）是否亮起和重启听系统启动声音，如有声音，则需要报修。
270,malfunction,K1,商米K1显示屏内部分区域现鳞状纹理或色彩不均匀,此现象是由于屏幕内有水汽导致，因为设备长时间存放在湿度比较高的地方，初次开机会有这个现象，开机2小时左右就自动消失，后续正常使用不会出现的
271,malfunction,K1,商米K1开机卡在sunmi花界面无法启动,请联系售后报修
272,malfunction,K1,商米K1触摸屏部分区域触摸无反应,"请您通过以下方式检测：
1.先重启设备后在硬件管家->触摸屏->触摸测试->用手指划线确定不良区域；
2.设置->关于设备->固件版本号处连续点击6次->测试工具->PCBA_CIT->点击TP_Sensor测试进行校验，校验中手不要触碰触摸屏；
3.校验成功后可解决该问题。
4.校验完成后仍然无法解决，请联系售后报修。"
273,malfunction,K1,商米K1屏内有异物,此问题是运输途中振动进入碎屑，一般不影响正常试用，如需处理，可以联系售后报修。
274,malfunction,K1,商米K1刷脸支付闪屏页面切换有轻微闪屏,"请您通过以下方式操作：
1.请您降低屏幕亮度和喇叭音量，设置->显示->亮度，调至约70%；设置->声音->媒体和通知音量，调至约70%；
2.若调整亮度和音量无效，请联系售后报修。"
275,malfunction,K1,商米K1喇叭声音卡顿,"请您通过以下方式操作：
1.降低屏幕亮度和喇叭音量，设置->显示->亮度，调至约70%；设置->声音->媒体和通知音量，调至约70%；
2.若调整亮度和音量无效，请联系售后报修。"
276,malfunction,K1,商米K1喇叭没有声音,"请您通过以下方式操作：
1.硬件管家->喇叭->点击播放按钮听播报是否有声音。如无声音，请检查主板音频线是否松动，重新插拔仍未解决，请联系售后报修。
2.硬件管家播放有声音且正常，请重启检查客户端应用程序；有声音且伴有卡顿，请联系售后报修。"
277,malfunction,K1,商米K1得利捷扫码器一扫码就一直嘟嘟响,这是由于扫码器数据传输线松动导致，请重新插拔USB口端，如无效请插拔RJ45端使用。
278,malfunction,K1,商米K1扫码器无故出声偶现和扫码器灯不亮,请重新通过插拔扫码器电源线接口（主板取电接口或扫码器电源口）方可解决此问题。
279,malfunction,K1,商米K1扫码器红灯不亮绿灯常亮但伴有上闪烁,请您联系售后报修。
280,malfunction,K1,商米K1扫码器扫码难扫扫码不识别,请您联系售后报修。
281,malfunction,K1,商米K1WiFi信号很弱,"请您通过以下方式操作：
1.拧掉WiFi天线，把天线SMA接口拍照传回，检查天线SMA接口内是否有插针且插针是否损坏内陷；
2.天线若没有问题，请检查外部网络是否正常，可以换一个WiFi测试下或者连接手机热点测试，如可正常上网，请优化现场网络环境。"
282,malfunction,K1,商米K1有线网连接不上或连一会就自动断网,请检查外部网络是否正常，检查（网络常规配置是否正确、获取方式、ip地址是否冲突、ping包等）
283,malfunction,K1,商米K1手摸机壳会手发麻,请联系电工做接地处理，建议使用全铜材质的电线做接地。
284,function,D2,商米D2屏幕尺寸,我们的屏幕尺寸是15.6寸
285,function,D2,商米D2机器怎么关机,使用状态下，请长按电源键2-3秒，按屏幕提示选择关机或重启
286,function,D2,商米D2机器怎么重启,使用状态下，请长按电源键2-3秒，按屏幕提示选择关机或重启
287,function,D2,商米D2屏幕按什么都不动了一直卡死机状态,请您长按电源键11秒以上，设备会自动断电关机。
288,function,D2,"商米D2接口用途

","1. 电源接口：用于连接收银机的电源适配器
2. 钱箱接口：只支持24V/1A钱箱
3. 网线口：连接有线网，无WiFi网络环境使用
4. USB2.0接口(四个)：用于连接扫码盒、扫码枪、小票打印机/标签打印机
5. RJ11串口：用于连接电子秤，需要购买RJ11-RS232转接线使用
6. 音频口：用于连接音箱
7. TF卡槽：支持插入存储卡，最大支持64GB
8. USB调试口：仅在设备调试时使用"
289,function,D2,商米D2开机初始化设置,"初次开启商米设备，完成初次设置只需简单几步：
连接电源适配器，短按电源键开机启动，进入首次开机界面，点击【开始设置】按提示操作即可。"
290,function,D2,商米D2联网设置,"本机可选择2种上网模式。
1. 连接WLAN：
点击要连接的WLAN，若选择一个加密的网络，则需要输入访问密码方可连接。
2. 通过LAN连网：
插入网线连接网络，D1 网线接口位于底座背面塑料壳内，从底下缺口轻轻打开。"
291,function,D2,商米D2连接网线后如何设置固定IP联网,接入网线后，点击 设置->有线网->静态->输入静态IP设置。
292,function,D2,商米D2如何下载／使用应用,您可在联网模式下，打开应用市场，浏览并下载应用即可完成安装。
293,function,D2,商米D2系统会自动更新吗,商米为了不影响商户日常工作，系统更新不会自动下载更新和安装。您可以在设备首页的“系统更新”中升级更新设备系统。
294,function,D2,商米D2如何将机器升级到最新的系统版本,"1、设备需在联网状态，点击 桌面的【系统更新】。
2、当检测到系统更新时将自动下载，点击安装，设备将会重启并执行系统升级。
3、系统升级完成后，再次打开【系统更新】查看当前系统是否已是最新版本。"
295,function,D2,商米D2如何恢复出厂设置,"（恢复出厂设置将会清除机器所有数据，请谨慎操作。）
点击“设置”，选择备份和重置，最后点击恢复出厂设置。"
296,function,D2,商米D2商米可以提供系统刷机包吗,商米为了系统安全考虑，将不提供系统刷机包。但是我们会持续给现有机具通过OTA方式推送系统更新。
297,function,D2,商米D2操作系统是否可以获取ROOT权限,为了设备的安全性和系统稳定性考虑，商米限制不能获取到设备的root权限。
298,function,D2,商米D2如何设置锁屏密码,请您点击“设置”，选择安全，点击屏幕锁定方式，可选择【图案】、【PIN码】和【密码】锁定。
299,function,D2,商米D2忘记锁屏密码怎么办,此问题需联系设备购买商，申请通过远程方式清除锁屏密码；如果设备系统版本未支持或者无法联系到设备购买商，请联系售后刷机处理。
300,function,D2,商米D2设备内置什么输入法安装第三方输入法怎么切换使用,设备默认内置谷歌中文输入法，如果您安装了第三方输入法，请在随意一个允许输入的界面，按右下角的小键盘图标->选择键盘->将您需要使用的输入法启用，然后点击小键盘图标切换方可使用。
301,function,D2,商米D2如何调节显示字体的大小,在桌面点击【设置】>【无障碍】切换字体，仅支持系统界面的字体显示。
302,accessories,D2,商米D2该设备支持哪些外接哪些硬件,"1. 钱箱口(RJ12)：只支持外接24V/1A钱箱，如果使用12V钱箱可能存在烧毁钱箱电路隐患。
2. LAN口(RJ45)：是网线接口支持100M网络。
3. USB 2.0接口：支持 HID 协议设备,例如扫码枪、读卡器、U盘、鼠标、键盘、USB摄像头 (符合UVC规格）等可即插即用，免驱动的USB设备。支持U盘格式: FAT32:可读可写;NTFS:可读不可写 ;exFAT:不支持。
4. 串口（RJ11）：RJ11串口可连接电子秤、串口打印机等设备；也支持标准RS232串口设备（需要购买转换线）。
5. 音频孔：是3.5mm 4段式CTIA标准接口，支持外接音箱、耳机。
6. 音频孔：是3.5mm 4段式CTIA标准接口，支持外接音箱、耳机。
7. TF卡槽：支持插入存储卡，最大支持64GB。
8. USB调试口：仅在设备调试时使用。"
303,accessories,D2,商米D2是否支持外接RS232接口的设备如打印机电子秤,支持标准RS232串口设备可连接电子秤、串口打印机等设备; 可以直接购买商米RJ11转RS232数据线，或者自行购买转接线时提供RJ11接口的线序给厂家定制。
304,accessories,D2,商米D2如何外接钱箱,商米台式收银机设有专用的钱箱接口(RJ12)用于连接钱箱；商米收银机只支持外接24V/1A钱箱，如果使用12V钱箱可能存在烧毁钱箱电路隐患。
305,accessories,D2,商米D2如何外接扫码枪,"商米台式收银机设有四个USB接口可用于连接USB设备，支持外接商米小闪和有线扫码枪。USB有线免驱动的扫码设备不限制品牌及型号，即插即用。
物理通讯测试可用：新大陆 NLS-HR22（二维码） NLS-HR11(一维码） NLS-HR22（二维码）民德 MD6100(激光二维码） MD2250(激光一维码）。"
306,accessories,D2,商米D2如何外接电子秤,"1. 系统版本支持：
在收银机桌面找到“系统更新”，联网将系统升级到最新版本；如果未检测到版本，请联系商米技术支持推送。
D2: 单屏 (版本号1.0.7，固件号22)；大小屏(版本号1.0.7，固件号19)
2. 硬件连接要求：
D2有专门的RJ11接口通讯口可连接电子秤；支持外接有线连接和蓝牙连接的电子秤。部分有线连接的电子秤是国标的RS232串口，可购买商米RJ11转RS232数据线连接实现物理通讯接通。
3. 电子秤购买：
因为不同收银软件商可能会适配特定型号的电子秤，具体请咨询收银软件商应该购买哪个型号的电子秤。 (常见可用的有线电子秤：大华ACS-15AB)"
307,accessories,D2,商米D2是否支持通过HDMI连接电视显示屏,本设备不支持HDMI扩展
308,accessories,D2,商米D2是否支持外接USB接口的3G4G无线上网卡,"您可以选择购买免驱动只需USB供电的随身WiFi，例如华为随行WiFi2，这类有电就有4G WiFi热点的设备；
注意外接USB网卡需要安装驱动的就不能直接用，因为驱动一般只提供Windows和Mac系统，不支持T1的安卓系统。"
309,accessories,D2,商米D2是否支持外接摄像头使用,现有系统版本暂不支持外接USB摄像头
310,accessories,D2,商米D2能否连接USB密码键盘,可以连接免驱动的USB密码键盘
311,accessories,D2,商米D2是否有内置MIC可支持语音输入,收银机没有内置MIC麦克风，需要外接蓝牙麦克风使用
312,accessories,D2,商米D2为什么外接音箱输出的音量比原来的声音小,收银机的音频口是CTIA标准4段式的，如果外接插上3段式的音响接口输出音量会变小的，需要购买转换线转成3段的才可以正常使用。
313,accessories,D2,商米D2外接音箱调高音量重启设备后为什么音量会变小,安卓系统的设备，在外接耳机或音箱的情况下，调至最大音量会提示是否将音量调到安全级别以上的提示，如果音量调到安全线以上，重启设备以后，音量会自动返回到安全线以下（也就是前面说的恢复默认音量）。
314,accessories,D2,商米D2使用USB线连接电脑传输文件如何操作,"1.机器通过USB数据线与电脑连接后，在D1s主屏幕顶部往下滑，在菜单中选择“USB选项”，点击“文件传输”即可。
2.在电脑上找的L3531（单屏）/L3532（双屏）名称的设备打开，即可查看机器内部存储空间的文件。"
315,function,D2,商米D2硬件管家可以检查哪些硬件功能是否正常,"1、硬件管家->本机信息：可查看设备的详细信息及参数；
2、硬件管家->网络状况：可查看/测试本机网络情况、测试信号强度和网络稳定性；
3、硬件管家->显示屏：可设置屏幕亮度并测试显示屏颜色是否正确；
4、硬件管家->触屏：可测试设备触屏灵敏度是否无误。
5、硬件管家->喇叭：可诊断设备的喇叭状态；
6、硬件管家->钱箱：可测试钱箱是否正常打开；"
316,malfunction,D2,商米D2开不了机如何处理,"1.检查收银机背面后盖的电源插口是否连接正常；检查电源适配器与电源线的连接处是否插紧
2.拔出所有外接设备的数据连接线，重新插拔下收银机后盖电源插头。
3.有条件可以更换电源适配器交叉测试判断是适配器问题还是机器问题。
4.如以上问题都无法解决，请通过微信小程序“商米服务”进行报修。"
317,malfunction,D2,商米D2开机启动卡在系统加载显示花瓣logo页面如何处理,"请长按电源键关机，拔出所有外接设备的数据连接线，重新按下电源键开机，多测试几次看是否能进入系统。
进入系统后，在桌面找到“系统更新”，联网将系统升级到最新版本，单屏:1.0.5，双屏:1.0.2。"
318,malfunction,D2,商米D2设备突然死机了,拔下电源线后重新插上，等待5s后，再短按电源键2秒开启。
319,malfunction,D2,"商米D2使用卡顿怎么处理
滑动屏幕一直很卡
打开app卡","请尝试以下方法：
1.机器在同时运行多个应用时，或者外卖接单单量较多时，可能会出现因资源不足而运行缓慢的状况，建议可以定期关闭后台非必须的APP进程。步骤:按下□键，选择清扫图标，进行一键清理内存。或者重启机器后再试试。
2.使用某个特定应用时卡顿，可以选择清理应用的缓存数据和垃圾文件。
操作步骤：设置->应用程序管理->选择相应的程序->清除缓存。
3.升级系统到最新的版本以获得更好的使用体验。"
320,malfunction,D2,商米D2初次开机无法激活如何处理,"1. 手机分享热点给收银机连接，测试是否网络异常导致无法联网激活；
2. 重新启动，再试。
3. 使用其他商米设备测试打开应用市场是否可以下载应用，如果是伺服器异常，请稍后再试。（或者在设备的“您好”页面右上角空白处连续点击5下跳过激活步骤）"
321,malfunction,D2,商米D2系统更新下载升级包失败如何处理,点击 设置->应用->点击右上角显示系统进程->找到系统更新->储存空间->清除数据，重启机器，再次下载更新试试
322,malfunction,D2,商米D2设备搜不到wifi信号手机可以搜索到,收银机硬件仅支持2.4Ghz的WiFi网络，不支持5Ghz，请连接非5G的wifi频段尝试。
323,malfunction,D2,商米D2连接WiFi提示网络连接失败WiFi连接后不能上网,"1.收银设备能搜索到WiFi网络，一般代表无线网卡硬件正常，大概率属于网络配置问题，尝试重新启动机具，试试是否恢复正常；
2. 如果仍然无法联网，可在收银机桌面点击 设置->硬件管家->测试网络是否通畅，点击“开始测试”查看网络测试结果是否良好，判断是否网络不稳定或网络不通导致的问题；
同时使用其他设备连接同一WiFi网络，如果其他设备能够联网，继续下一步排查；
如果其他设备也不能联网，请检查无线路由器的设置以及联系宽带的服务商排查网络问题；
3. 可能是网络缓存数据有问题，在收银机桌面点击 设置->更多，选择“重置网络设置”；完成后再打开 设置->硬件管家->测试网络是否恢复正常；
4. 可能属于无线路由器或宽带网络问题，尝试切换其他无线网络或手机开热点让收银机连接，测试是否WiFi的网络问题。如果能够连接其他WiFi热点代表设备硬件没问题，请继续下一步排查；
5.可能是周围的WiFi信号互有干扰，建议重启路由器，如果问题仍然存在，可能需要修改路由器的无线配置（例如WiFi信道选择1-11，WiFi加密方式改WPA2,WPA等试试)。"
324,malfunction,D2,商米D2插入网线连接后无法连接网络,"请尝试以下方法：
1. 检查网线连接后，网线状态灯是否正常闪烁；如果状态灯不亮，需要检查是否网络异常，有条件可以更换网线测试；
2. 检查屏幕右上角是否显示有线网已成功连接的logo。如果网线状态灯亮，但是不显示网络已连接的Logo，可检查是否局域网内的DHCP服务是否启用，如果使用固定IP联网方式，需要在设置->有线网->静态->设置静态IP的方式连接网络。
3. 如果屏幕右上角是否显示有线网已成功连接的logo，但是某个APP不能联网，那么属于该APP的问题；如果网络检查无问题，所有应用均无法联网，尝试以下步骤：设置->备份和重置，选择“重置网络设置”，关机后重新开机再测试。
4. 如果是连网不稳定，可以点击设置->硬件管家->测试网络的信号强度及网络稳定性、如果网络存在连接不稳定或信号弱，则需要检查路由器或者联系当地运营商核实网络状况。"
325,malfunction,D2,商米D2外接USB扫码枪外接USB扫码盒不能使用,"收银机支持免驱动、USB HID 协议有线连接的扫码设备（相当于标准的键盘输入设备），支持即插即用。
无线扫码枪一般支持Windows设备为主，安卓系统大多不兼容，请与厂家确认是否支持。
外接USB接口的有线扫码枪有问题，按照以下步骤排查：
1、检查扫码枪是否已通电；连接时有蜂鸣声提示，按压扫码有红光。
如果扫描枪未通电，按照以下步骤排查：
1)检查收银机物理接口连接了哪些设备，拔出所有外接的外设；
2)更换其他USB接口连接重新连接，再试；
3)将扫码枪换到其他设备上测试是否可用，如果在其他设备上扫码枪可用，则将收银机关机重新启动再连接扫码枪试试是否可用。
2、测试扫描枪是否能捕获条码的数据；在桌面打开计算器app，使用扫码枪分别扫描商品条码和手机付款码，查看是否能获取条码数据。
如果扫商品的条码可以获取条码数据，代表硬件连接正常可使用，请检查收银软件的设置是否问题。
如果扫商品的条码不能获取条码数据，按照以下步骤排查：
1) USB接口多连接几个设备，例如USB扫码枪、鼠标、键盘；然后在收银机桌面打开【设置】->【关于设备】->连续点击6下固件版本号->输入密码“1234” ->选择CIT Preload->USB，查看“检测到的外置USB设备有”多少个；如果能检测到USB设备，代表USB接口工作正常。如果检测USB设备为0个，可能USB接口有故障。
2) 如果USB接口工作正常，只是扫码枪不能扫描，请注意商品条形码是否有欠缺和破损；扫码枪是否兼容商品的条形码类型；还有扫码枪是否支持扫描屏幕（部分扫码枪只能扫描纸质上的条码）；"
326,malfunction,D2,商米D2用扫码枪或扫码盒扫描条码二维码识别数值不完整缺少部分数值,"1.此问题可能是扫码枪扫码识别的数值经过输入法输出，被输入法截取了部分数值，您可以在收银机桌面点击 设置->扫码与键盘，找到“已接入的键盘或其他设备”选择输出方式为“扫码设备”->点击“保存”，设置完成后扫码枪扫码，识别内容不会经过输入法直接输出到UI界面。
2.如在第一步操作仍然无法解决，我们为您转接专家客服为您处理。"
327,malfunction,D2,商米D2屏幕触控异常,"尝试以下方法：
1.使用硬件管家->触屏检测，多指触摸屏幕测试屏幕触控是否正常；如果有异常，转下一步继续；
2.重新启动，再使用硬件管家做触屏测试；排除应用影响，如果仍有问题，转下一步继续；
3.检查系统是否已更新到最新版本，如系统系统有更新，请更新最新版本尝试，如果仍有问题，转下一步继续；
4.确认是否使用原装电源适配器；（收银机采用24V/2.5A电源适配器，有条件可更换一个测试是否电源适配器故障导致）
5.请将收银机移至另一个店铺、办公室测试开机触屏是否可以正常使用，如果在其他地方电容屏可以正常触控，请按照以下方式排查电路问题。
a.检查插座是否有接线；(电工检查电路是否有接地线，用测电笔接触设备的金属（microusb旁边的金属）测试是否会亮 亮就代表没接地。)
b.电容触摸屏可能受到附近的大功率设备（变频器、电机、灯箱、镇流器）的电磁干扰，请将机器关机移至新区域再开机测试问题是否仍然存在；如果确认存在电磁干扰，可以逐个电器开关排查哪个是干扰源。"
328,malfunction,D2,商米D2双屏机器客显屏副屏显示比例不对,首先需要收银软件已适配瑞芯微的双屏异显方案支持客显屏显示，如果发现副屏显示内容与主屏一样或显示画面比例不对，可以在桌面找到 【设置】->【显示】，开启【双屏异显】功能，重启再试试。
329,function,D1S,商米D1S屏幕尺寸,我们的屏幕尺寸是15.6寸
330,function,D1S,商米D1S机器怎么关机,使用状态下，请长按电源键2-3秒，按屏幕提示选择关机或重启
331,function,D1S,商米D1S机器怎么重启,使用状态下，请长按电源键2-3秒，按屏幕提示选择关机或重启
332,function,D1S,商米D1S屏幕按什么都不动了一直卡死机状态,请您长按电源键11秒以上，设备会自动断电关机。
333,function,D1S,"商米D1S接口用途

","1. 电源接口：用于连接收银机的电源适配器
2. 钱箱接口：只支持24V/1A钱箱
3. 网线口：连接有线网，无WiFi网络环境使用USB2.0接口(四个)：用于连接扫码盒、扫码枪、小票打印机/标签打印机
4. RJ11串口：用于连接电子秤，需要购买RJ11-RS232转接线使用
5. 音频口：用于连接音箱
6. TF卡槽：支持插入存储卡，最大支持64GB
7. USB调试口：仅在设备调试时使用"
334,function,D1S,商米D1S开机初始化设置,"初次开启商米设备，完成初次设置只需简单几步：
连接电源适配器，短按电源键开机启动，进入首次开机界面，点击【开始设置】按提示操作即可。"
335,function,D1S,商米D1S联网设置,"本机可选择2种上网模式。
1. 连接WLAN：
点击要连接的WLAN，若选择一个加密的网络，则需要输入访问密码方可连接。
2. 通过LAN连网：
插入网线连接网络，D1 网线接口位于底座背面塑料壳内，从底下缺口轻轻打开。"
336,function,D1S,商米D1S连接网线后如何设置固定IP联网,接入网线后，点击 设置->有线网->静态->输入静态IP设置。
337,function,D1S,商米D1S如何下载／使用应用,您可在联网模式下，打开应用市场，浏览并下载应用即可完成安装。
338,function,D1S,商米D1S系统会自动更新吗,商米为了不影响商户日常工作，系统更新不会自动下载更新和安装。您可以在设备首页的“系统更新”中升级更新设备系统。
339,function,D1S,商米D1S如何将机器升级到最新的系统版本,"1、设备需在联网状态，点击 桌面的【系统更新】。
2、当检测到系统更新时将自动下载，点击安装，设备将会重启并执行系统升级。
3、系统升级完成后，再次打开【系统更新】查看当前系统是否已是最新版本。"
340,function,D1S,商米D1S如何恢复出厂设置,"（恢复出厂设置将会清除机器所有数据，请谨慎操作。）
点击“设置”，选择备份和重置，最后点击恢复出厂设置。"
341,function,D1S,商米D1S商米可以提供系统刷机包吗,商米为了系统安全考虑，将不提供系统刷机包。但是我们会持续给现有机具通过OTA方式推送系统更新。
342,function,D1S,商米D1S操作系统是否可以获取ROOT权限,为了设备的安全性和系统稳定性考虑，商米限制不能获取到设备的root权限。
343,function,D1S,商米D1S如何设置锁屏密码,请您点击“设置”，选择安全，点击屏幕锁定方式，可选择【图案】、【PIN码】和【密码】锁定。
344,function,D1S,商米D1S忘记锁屏密码怎么办,此问题需联系设备购买商，申请通过远程方式清除锁屏密码；如果设备系统版本未支持或者无法联系到设备购买商，请联系售后刷机处理。
345,function,D1S,商米D1S设备内置什么输入法安装第三方输入法怎么切换使用,设备默认内置谷歌中文输入法，如果您安装了第三方输入法，请在随意一个允许输入的界面，按右下角的小键盘图标->选择键盘->将您需要使用的输入法启用，然后点击小键盘图标切换方可使用。
346,function,D1S,商米D1S如何调节显示字体的大小,在桌面点击【设置】>【无障碍】切换字体，仅支持系统界面的字体显示。
347,accessories,D1S,商米D1S该设备支持哪些外接哪些硬件,"1. 钱箱口(RJ12)：只支持外接24V/1A钱箱，如果使用12V钱箱可能存在烧毁钱箱电路隐患。
2. LAN口(RJ45)：是网线接口支持100M网络.
3. USB 2.0接口：支持 HID 协议设备,例如扫码枪、读卡器、U盘、鼠标、键盘、USB摄像头 (符合UVC规格）等可即插即用，免驱动的USB设备。支持U盘格式: FAT32:可读可写;NTFS:可读不可写 ;exFAT:不支持。
4. 串口（RJ11）：RJ11串口可连接电子秤、串口打印机等设备；也支持标准RS232串口设备（需要购买转换线）。
5. 音频孔：是3.5mm 4段式CTIA标准接口，支持外接音箱、耳机。
6. TF卡槽：支持插入存储卡，最大支持64GB。
7. USB调试口：仅在设备调试时使用"
348,accessories,D1S,商米D1S是否支持外接RS232接口的设备如打印机电子秤,支持标准RS232串口设备可连接电子秤、串口打印机等设备; 可以直接购买商米RJ11转RS232数据线，或者自行购买转接线时提供RJ11接口的线序给厂家定制。
349,accessories,D1S,商米D1S如何外接钱箱,商米台式收银机设有专用的钱箱接口(RJ12)用于连接钱箱；商米收银机只支持外接24V/1A钱箱，如果使用12V钱箱可能存在烧毁钱箱电路隐患。
350,accessories,D1S,商米D1S如何外接扫码枪,"商米台式收银机设有四个USB接口可用于连接USB设备，支持外接商米小闪和有线扫码枪。USB有线免驱动的扫码设备不限制品牌及型号，即插即用。
物理通讯测试可用：新大陆 NLS-HR22（二维码） NLS-HR11(一维码） NLS-HR22（二维码）民德 MD6100(激光二维码） MD2250(激光一维码）。"
351,accessories,D1S,商米D1S如何外接电子秤,"1. 系统版本支持：
在收银机桌面找到“系统更新”，联网将系统升级到最新版本；如果未检测到版本，请联系商米技术支持推送。
D1s: 单屏 (版本号1.0.7，固件号22)；大小屏(版本号1.0.7，固件号19)。
2. 硬件连接要求：
D1s有专门的RJ11接口通讯口可连接电子秤；支持外接有线连接和蓝牙连接的电子秤。
部分有线连接的电子秤是国标的RS232串口，可购买商米RJ11转RS232数据线连接实现物理通讯接通。
3. 电子秤购买：
因为不同收银软件商可能会适配特定型号的电子秤，具体请咨询收银软件商应该购买哪个型号的电子秤。 (常见可用的有线电子秤：大华ACS-15AB)。"
352,accessories,D1S,商米D1S是否支持通过HDMI连接电视显示屏,本设备不支持HDMI扩展
353,accessories,D1S,商米D1S是否支持外接USB接口的3G4G无线上网卡,"您可以选择购买免驱动只需USB供电的随身WiFi，例如华为随行WiFi2，这类有电就有4G WiFi热点的设备；
注意外接USB网卡需要安装驱动的就不能直接用，因为驱动一般只提供Windows和Mac系统，不支持T1的安卓系统。"
354,accessories,D1S,商米D1S是否支持外接摄像头使用,现有系统版本暂不支持外接USB摄像头
355,accessories,D1S,商米D1S能否连接USB密码键盘,可以连接免驱动的USB密码键盘
356,accessories,D1S,商米D1S是否有内置MIC可支持语音输入,收银机没有内置MIC麦克风，需要外接蓝牙麦克风使用
357,accessories,D1S,商米D1S为什么外接音箱输出的音量比原来的声音小,收银机的音频口是CTIA标准4段式的，如果外接插上3段式的音响接口输出音量会变小的，需要购买转换线转成3段的才可以正常使用。
358,accessories,D1S,商米D1S外接音箱调高音量重启设备后为什么音量会变小,安卓系统的设备，在外接耳机或音箱的情况下，调至最大音量会提示是否将音量调到安全级别以上的提示，如果音量调到安全线以上，重启设备以后，音量会自动返回到安全线以下（也就是前面说的恢复默认音量）。
359,accessories,D1S,商米D1S使用USB线连接电脑传输文件如何操作,"1.机器通过USB数据线与电脑连接后，在D1s主屏幕顶部往下滑，在菜单中选择“USB选项”，点击“文件传输”即可。
2.在电脑上找的L3531（单屏）/L3532（双屏）名称的设备打开，即可查看机器内部存储空间的文件。"
360,function,D1S,商米D1S硬件管家可以检查哪些硬件功能是否正常,"1、硬件管家->本机信息：可查看设备的详细信息及参数；
2、硬件管家->网络状况：可查看/测试本机网络情况、测试信号强度和网络稳定性；
3、硬件管家->显示屏：可设置屏幕亮度并测试显示屏颜色是否正确；
4、硬件管家->触屏：可测试设备触屏灵敏度是否无误。
5、硬件管家->喇叭：可诊断设备的喇叭状态；
6、硬件管家->钱箱：可测试钱箱是否正常打开；"
361,malfunction,D1S,商米D1S开不了机如何处理,"1.检查收银机背面后盖的电源插口是否连接正常；检查电源适配器与电源线的连接处是否插紧
2.拔出所有外接设备的数据连接线，重新插拔下收银机后盖电源插头。
3.有条件可以更换电源适配器交叉测试判断是适配器问题还是机器问题。
4.如以上问题都无法解决，请通过微信小程序“商米服务”进行报修。"
362,malfunction,D1S,商米D1S开机启动卡在系统加载显示花瓣logo页面如何处理,"请长按电源键关机，拔出所有外接设备的数据连接线，重新按下电源键开机，多测试几次看是否能进入系统。
进入系统后，在桌面找到“系统更新”，联网将系统升级到最新版本，单屏:1.0.5，双屏:1.0.2。"
363,malfunction,D1S,商米D1S设备突然死机了,拔下电源线后重新插上，等待5s后，再短按电源键2秒开启。
364,malfunction,D1S,"商米D1S使用卡顿怎么处理
滑动屏幕一直很卡
打开app卡","请尝试以下方法：
1.机器在同时运行多个应用时，或者外卖接单单量较多时，可能会出现因资源不足而运行缓慢的状况，建议可以定期关闭后台非必须的APP进程。步骤:按下□键，选择清扫图标，进行一键清理内存。或者重启机器后再试试。
2.使用某个特定应用时卡顿，可以选择清理应用的缓存数据和垃圾文件。
操作步骤：设置->应用程序管理->选择相应的程序->清除缓存。
3.升级系统到最新的版本以获得更好的使用体验。"
365,malfunction,D1S,商米D1S初次开机无法激活如何处理,"1. 手机分享热点给收银机连接，测试是否网络异常导致无法联网激活；
2. 重新启动，再试。
3. 使用其他商米设备测试打开应用市场是否可以下载应用，如果是伺服器异常，请稍后再试。（或者在设备的“您好”页面右上角空白处连续点击5下跳过激活步骤）"
366,malfunction,D1S,商米D1S系统更新下载升级包失败如何处理,点击 设置->应用->点击右上角显示系统进程->找到系统更新->储存空间->清除数据，重启机器，再次下载更新试试
367,malfunction,D1S,商米D1S设备搜不到wifi信号手机可以搜索到,收银机硬件仅支持2.4Ghz的WiFi网络，不支持5Ghz，请连接非5G的wifi频段尝试。
368,malfunction,D1S,商米D1S连接WiFi提示网络连接失败WiFi连接后不能上网,"1.收银设备能搜索到WiFi网络，一般代表无线网卡硬件正常，大概率属于网络配置问题，尝试重新启动机具，试试是否恢复正常；
2. 如果仍然无法联网，可在收银机桌面点击 设置->硬件管家->测试网络是否通畅，点击“开始测试”查看网络测试结果是否良好，判断是否网络不稳定或网络不通导致的问题；
同时使用其他设备连接同一WiFi网络，如果其他设备能够联网，继续下一步排查；
如果其他设备也不能联网，请检查无线路由器的设置以及联系宽带的服务商排查网络问题；
3. 可能是网络缓存数据有问题，在收银机桌面点击 设置->更多，选择“重置网络设置”；完成后再打开 设置->硬件管家->测试网络是否恢复正常；
4. 可能属于无线路由器或宽带网络问题，尝试切换其他无线网络或手机开热点让收银机连接，测试是否WiFi的网络问题。如果能够连接其他WiFi热点代表设备硬件没问题，请继续下一步排查；
5.可能是周围的WiFi信号互有干扰，建议重启路由器，如果问题仍然存在，可能需要修改路由器的无线配置（例如WiFi信道选择1-11，WiFi加密方式改WPA2,WPA等试试)。"
369,malfunction,D1S,商米D1S插入网线连接后无法连接网络,"请尝试以下方法：
1. 检查网线连接后，网线状态灯是否正常闪烁；如果状态灯不亮，需要检查是否网络异常，有条件可以更换网线测试；
2. 检查屏幕右上角是否显示有线网已成功连接的logo。如果网线状态灯亮，但是不显示网络已连接的Logo，可检查是否局域网内的DHCP服务是否启用，如果使用固定IP联网方式，需要在设置->有线网->静态->设置静态IP的方式连接网络。
3. 如果屏幕右上角是否显示有线网已成功连接的logo，但是某个APP不能联网，那么属于该APP的问题；如果网络检查无问题，所有应用均无法联网，尝试以下步骤：设置->备份和重置，选择“重置网络设置”，关机后重新开机再测试。
4. 如果是连网不稳定，可以点击设置->硬件管家->测试网络的信号强度及网络稳定性、如果网络存在连接不稳定或信号弱，则需要检查路由器或者联系当地运营商核实网络状况。"
370,malfunction,D1S,商米D1S外接USB扫码枪外接USB扫码盒不能使用,"收银机支持免驱动、USB HID 协议有线连接的扫码设备（相当于标准的键盘输入设备），支持即插即用。
无线扫码枪一般支持Windows设备为主，安卓系统大多不兼容，请与厂家确认是否支持。
外接USB接口的有线扫码枪有问题，按照以下步骤排查：
1、检查扫码枪是否已通电；连接时有蜂鸣声提示，按压扫码有红光。
如果扫描枪未通电，按照以下步骤排查：
1)检查收银机物理接口连接了哪些设备，拔出所有外接的外设；
2)更换其他USB接口连接重新连接，再试；
3)将扫码枪换到其他设备上测试是否可用，如果在其他设备上扫码枪可用，则将收银机关机重新启动再连接扫码枪试试是否可用。
2、测试扫描枪是否能捕获条码的数据；在桌面打开计算器app，使用扫码枪分别扫描商品条码和手机付款码，查看是否能获取条码数据。
如果扫商品的条码可以获取条码数据，代表硬件连接正常可使用，请检查收银软件的设置是否问题。
如果扫商品的条码不能获取条码数据，按照以下步骤排查：
1) USB接口多连接几个设备，例如USB扫码枪、鼠标、键盘；然后在收银机桌面打开【设置】->【关于设备】->连续点击6下固件版本号->输入密码“1234” ->选择CIT Preload->USB，查看“检测到的外置USB设备有”多少个；如果能检测到USB设备，代表USB接口工作正常。如果检测USB设备为0个，可能USB接口有故障。
2) 如果USB接口工作正常，只是扫码枪不能扫描，请注意商品条形码是否有欠缺和破损；扫码枪是否兼容商品的条形码类型；还有扫码枪是否支持扫描屏幕（部分扫码枪只能扫描纸质上的条码）；"
371,malfunction,D1S,商米D1S用扫码枪或扫码盒扫描条码二维码识别数值不完整缺少部分数值,"1.此问题可能是扫码枪扫码识别的数值经过输入法输出，被输入法截取了部分数值，您可以在收银机桌面点击 设置->扫码与键盘，找到“已接入的键盘或其他设备”选择输出方式为“扫码设备”->点击“保存”，设置完成后扫码枪扫码，识别内容不会经过输入法直接输出到UI界面。
2.如在第一步操作仍然无法解决，我们为您转接专家客服为您处理。"
372,malfunction,D1S,商米D1S屏幕触控异常,"尝试以下方法：
1.使用硬件管家->触屏检测，多指触摸屏幕测试屏幕触控是否正常；如果有异常，转下一步继续；
2.重新启动，再使用硬件管家做触屏测试；排除应用影响，如果仍有问题，转下一步继续；
3.检查系统是否已更新到最新版本，如系统系统有更新，请更新最新版本尝试，如果仍有问题，转下一步继续；
4.确认是否使用原装电源适配器；（收银机采用24V/2.5A电源适配器，有条件可更换一个测试是否电源适配器故障导致）
5.请将收银机移至另一个店铺、办公室测试开机触屏是否可以正常使用，如果在其他地方电容屏可以正常触控，请按照以下方式排查电路问题。
a.检查插座是否有接线；(电工检查电路是否有接地线，用测电笔接触设备的金属（microusb旁边的金属）测试是否会亮 亮就代表没接地。)
b.电容触摸屏可能受到附近的大功率设备（变频器、电机、灯箱、镇流器）的电磁干扰，请将机器关机移至新区域再开机测试问题是否仍然存在；如果确认存在电磁干扰，可以逐个电器开关排查哪个是干扰源。"
373,malfunction,D1S,商米D1S双屏机器客显屏副屏显示比例不对,首先需要收银软件已适配瑞芯微的双屏异显方案支持客显屏显示，如果发现副屏显示内容与主屏一样或显示画面比例不对，可以在桌面找到 【设置】->【显示】，开启【双屏异显】功能，重启再试试。
